Timestamp,Open,High,Low,Close,Adj Close,Target
2014-04-30,83.910004,84.500000,83.110001,83.220001,58.071022,2860200
2014-05-01,83.269997,84.669998,83.089996,84.050003,58.650192,2602300
2014-05-02,83.989998,84.550003,83.430000,83.529999,58.287369,2095700
2014-05-05,83.139999,83.989998,82.650002,83.930000,58.566463,2101300
2014-05-06,84.129997,85.419998,83.660004,84.260002,58.796749,2669000
2014-05-07,84.669998,85.250000,83.470001,85.029999,59.334042,2584100
2014-05-08,84.209999,84.750000,82.489998,82.919998,57.861687,3057500
2014-05-09,82.720001,83.190002,80.820000,81.910004,57.156910,3687700
2014-05-12,82.639999,84.080002,82.559998,83.540001,58.294331,3181100
2014-05-13,83.779999,84.739998,83.470001,84.260002,58.796749,2566700
2014-05-14,84.059998,84.680000,82.959999,83.559998,58.308292,3143600
2014-05-15,83.010002,83.010002,81.290001,82.010002,57.571171,11581500
2014-05-16,81.849998,82.370003,81.230003,81.860001,57.465870,2305200
2014-05-19,81.989998,83.099998,81.860001,82.730003,58.076618,2907900
2014-05-20,82.449997,83.239998,81.860001,81.970001,57.543102,2316600
2014-05-21,82.239998,82.620003,80.900002,81.589996,57.276352,6323700
2014-05-22,81.690002,82.860001,81.589996,82.379997,57.830929,2433300
2014-05-23,82.349998,82.709999,82.029999,82.029999,57.585220,2540600
2014-05-27,82.260002,82.410004,81.459999,82.180000,57.690521,3004300
2014-05-28,82.050003,83.449997,82.040001,82.989998,58.259125,3488700
2014-05-29,83.239998,84.410004,82.820000,84.320000,59.192787,2451600
2014-05-30,84.360001,85.120003,84.169998,84.790001,59.522739,4139400
2014-06-02,84.989998,85.449997,84.410004,85.239998,59.838669,2520000
2014-06-03,84.889999,85.180000,84.379997,84.540001,59.347229,2335700
2014-06-04,84.059998,84.660004,83.550003,83.699997,58.757576,2449600
2014-06-05,84.070000,84.639999,83.419998,83.519997,58.631218,3736300
2014-06-06,83.949997,84.599998,83.550003,84.360001,59.220886,2492800
2014-06-09,84.180000,84.510002,83.339996,83.730003,58.778625,2308600
2014-06-10,83.599998,83.900002,82.440002,82.830002,58.146797,2394900
2014-06-11,82.360001,83.160004,82.190002,82.889999,58.188938,2355300
2014-06-12,83.370003,83.709999,82.430000,82.800003,58.125782,2879000
2014-06-13,82.800003,83.570000,82.400002,83.489998,58.610149,4330000
2014-06-16,83.519997,83.650002,82.940002,83.440002,58.575031,2279700
2014-06-17,83.010002,84.099998,82.500000,84.070000,59.017307,2965900
2014-06-18,83.879997,84.550003,82.930000,84.500000,59.319176,2617000
2014-06-19,84.709999,85.540001,84.620003,85.260002,59.852707,2950200
2014-06-20,85.589996,86.279999,85.250000,85.940002,60.330059,7281900
2014-06-23,86.250000,86.820000,85.919998,86.330002,60.603821,2316700
2014-06-24,86.019997,87.050003,84.669998,84.940002,59.628059,2801900
2014-06-25,80.949997,82.660004,79.160004,81.360001,57.114883,10144700
2014-06-26,81.919998,82.459999,81.089996,82.099998,57.634369,5304200
2014-06-27,81.680000,82.070000,81.019997,81.489998,57.206139,5490200
2014-06-30,81.059998,81.190002,80.050003,80.430000,56.462017,3392600
2014-07-01,80.599998,80.830002,79.940002,80.599998,56.581345,3127100
2014-07-02,80.639999,81.510002,80.599998,81.000000,56.862167,2437000
2014-07-03,81.199997,81.949997,81.000000,81.500000,57.213169,1712300
2014-07-07,81.330002,81.440002,79.940002,80.500000,56.511169,2226500
2014-07-08,80.309998,80.529999,79.029999,79.279999,55.654709,3010600
2014-07-09,79.660004,80.190002,78.529999,79.809998,56.026775,3278400
2014-07-10,78.720001,80.089996,78.690002,79.730003,55.970608,2722600
2014-07-11,79.550003,80.550003,79.510002,80.290001,56.363728,2235200
2014-07-14,80.879997,80.900002,79.629997,79.949997,56.125069,8384700
2014-07-15,79.739998,81.500000,79.419998,81.120003,56.946392,8653600
2014-07-16,81.209999,81.870003,80.410004,80.839996,56.749836,2888000
2014-07-17,80.400002,80.980003,79.400002,79.540001,55.837227,2370200
2014-07-18,79.910004,81.040001,79.449997,80.860001,56.763866,3127200
2014-07-21,80.400002,80.800003,80.000000,80.160004,56.272461,2102800
2014-07-22,80.739998,81.150002,80.239998,80.500000,56.511169,2733900
2014-07-23,80.550003,81.730003,80.449997,81.269997,57.051689,2118400
2014-07-24,81.730003,82.830002,81.300003,82.099998,57.634369,3517400
2014-07-25,82.139999,82.870003,81.830002,82.650002,58.020466,2064000
2014-07-28,83.000000,83.000000,81.660004,82.610001,57.992374,2359500
2014-07-29,82.919998,83.250000,82.470001,82.470001,57.894108,3163300
2014-07-30,82.190002,83.410004,81.309998,81.720001,57.367603,2664700
2014-07-31,81.139999,82.510002,80.559998,81.110001,56.939377,3120000
2014-08-01,80.620003,81.010002,79.250000,80.540001,56.539238,4488000
2014-08-04,80.809998,82.040001,80.239998,81.879997,57.479916,2934400
2014-08-05,81.440002,81.650002,80.580002,81.010002,56.869171,2735500
2014-08-06,80.750000,82.900002,80.750000,82.279999,57.760738,2730200
2014-08-07,82.500000,83.029999,81.169998,81.519997,57.227196,2532100
2014-08-08,82.000000,83.169998,81.309998,83.050003,58.301266,2290400
2014-08-11,83.510002,83.849998,82.300003,82.389999,57.837944,2293700
2014-08-12,82.580002,82.930000,82.139999,82.559998,57.957272,2113300
2014-08-13,82.559998,82.879997,81.970001,82.779999,58.465801,2411200
2014-08-14,82.949997,83.910004,82.550003,83.690002,59.108501,2849900
2014-08-15,83.849998,84.370003,83.500000,83.790001,59.179157,4763500
2014-08-18,84.269997,86.080002,84.269997,85.610001,60.464565,3347700
2014-08-19,85.610001,86.400002,85.339996,86.089996,60.803596,2676900
2014-08-20,85.989998,86.790001,85.650002,86.599998,61.163788,2128300
2014-08-21,86.699997,86.720001,86.010002,86.239998,60.909508,1767600
2014-08-22,86.050003,86.279999,85.470001,86.089996,60.803596,1633900
2014-08-25,86.379997,87.099998,86.120003,86.900002,61.375679,1903500
2014-08-26,86.870003,87.099998,86.260002,86.669998,61.213234,1869300
2014-08-27,86.699997,87.000000,86.029999,86.440002,61.050774,1824500
2014-08-28,86.029999,86.919998,85.820000,86.610001,61.170853,1188200
2014-08-29,86.580002,87.150002,86.449997,87.019997,61.460434,2150300
2014-09-02,86.910004,87.199997,86.019997,86.949997,61.410988,2376000
2014-09-03,87.199997,87.980003,86.800003,87.239998,61.615814,2881000
2014-09-04,87.220001,87.870003,86.540001,86.879997,61.361542,3332000
2014-09-05,86.940002,87.660004,86.059998,87.510002,61.806515,2236800
2014-09-08,87.449997,87.599998,87.019997,87.059998,61.488682,2060200
2014-09-09,87.000000,87.540001,85.949997,86.470001,61.071980,2486700
2014-09-10,86.129997,86.410004,83.900002,85.139999,60.132622,4590100
2014-09-11,84.580002,85.110001,83.570000,84.010002,59.334518,3313500
2014-09-12,83.879997,84.239998,82.550003,83.019997,58.635296,2782700
2014-09-15,83.040001,84.019997,82.690002,83.900002,59.256847,2412600
2014-09-16,83.779999,86.680000,83.500000,85.779999,60.584637,5220300
2014-09-17,85.940002,86.379997,85.290001,85.690002,60.521072,4135200
2014-09-18,85.709999,86.389999,85.370003,85.889999,60.662334,3497400
2014-09-19,86.040001,86.379997,85.580002,85.750000,60.563446,3614200
2014-09-22,85.500000,85.529999,83.690002,83.839996,59.214458,2576400
2014-09-23,83.849998,84.849998,83.139999,83.260002,58.804821,2168700
2014-09-24,82.949997,83.339996,81.610001,82.690002,58.402241,2514100
2014-09-25,82.830002,82.830002,81.739998,81.739998,57.731270,2420500
2014-09-26,81.599998,82.519997,81.599998,82.230003,58.077351,3274500
2014-09-29,81.370003,82.300003,81.080002,81.769997,57.752453,2073500
2014-09-30,81.500000,81.879997,80.680000,81.309998,57.427559,5197200
2014-10-01,81.309998,82.000000,79.559998,79.629997,56.241028,4192300
2014-10-02,79.180000,79.389999,75.940002,77.760002,54.920277,8948800
2014-10-03,78.230003,78.279999,77.040001,77.639999,54.835522,4846200
2014-10-06,77.699997,78.120003,76.699997,77.349998,54.630711,2580100
2014-10-07,77.589996,78.800003,77.150002,77.349998,54.630711,3654200
2014-10-08,77.830002,79.209999,76.519997,79.160004,55.909069,4384500
2014-10-09,78.970001,79.370003,76.559998,76.610001,54.108063,3570400
2014-10-10,76.750000,77.730003,74.809998,76.320000,53.903229,4702000
2014-10-13,75.980003,77.139999,72.849998,73.050003,51.593719,5176000
2014-10-14,73.519997,74.160004,70.110001,70.589996,49.856251,9368900
2014-10-15,69.820000,70.860001,66.239998,67.889999,47.949306,11400000
2014-10-16,67.459999,70.519997,66.120003,69.709999,49.234722,8930400
2014-10-17,70.690002,73.150002,70.190002,72.209999,51.000427,8218500
2014-10-20,71.760002,72.900002,71.660004,72.349998,51.099308,3495500
2014-10-21,74.349998,77.080002,72.930000,76.809998,54.249310,6745200
2014-10-22,76.750000,77.550003,75.349998,75.389999,53.246399,5186800
2014-10-23,76.419998,77.070000,75.959999,76.120003,53.761993,3218500
2014-10-24,76.150002,76.570000,74.849998,76.489998,54.023304,2924800
2014-10-27,75.650002,76.110001,74.529999,75.480003,53.309952,4295500
2014-10-28,75.849998,77.720001,75.169998,77.529999,54.757824,7580200
2014-10-29,78.559998,78.970001,75.610001,76.389999,53.952690,4319500
2014-10-30,76.349998,77.570000,75.629997,77.400002,54.666016,3747000
2014-10-31,77.699997,78.760002,76.650002,78.500000,55.442940,3848500
2014-11-03,78.459999,78.849998,76.379997,76.680000,54.157501,5523700
2014-11-04,76.019997,76.440002,73.480003,74.489998,52.610737,6013000
2014-11-05,74.900002,76.370003,73.680000,74.739998,52.787327,5429500
2014-11-06,75.180000,75.639999,74.320000,75.419998,53.267582,4054400
2014-11-07,75.300003,75.589996,74.279999,74.699997,52.759064,5464000
2014-11-10,75.000000,75.599998,74.379997,74.500000,52.617825,3332200
2014-11-11,74.889999,75.150002,73.230003,73.639999,52.010410,3976000
2014-11-12,72.970001,74.209999,72.849998,73.040001,51.939304,3703800
2014-11-13,72.629997,72.720001,70.220001,70.830002,50.367752,5418400
2014-11-14,70.940002,71.839996,70.800003,71.779999,51.043293,7638900
2014-11-17,71.790001,73.120003,71.790001,72.779999,51.754421,4327600
2014-11-18,73.150002,74.540001,72.820000,73.959999,52.593529,4730000
2014-11-19,74.139999,76.080002,73.790001,75.769997,53.880623,4721100
2014-11-20,75.519997,77.989998,75.500000,77.830002,55.345505,4789900
2014-11-21,79.010002,80.320000,78.220001,79.419998,56.476170,5331200
2014-11-24,79.129997,79.900002,79.059998,79.419998,56.476170,2976700
2014-11-25,79.760002,80.169998,79.019997,79.540001,56.561504,3458700
2014-11-26,79.570000,79.650002,78.699997,79.279999,56.376625,4383900
2014-11-28,78.410004,78.599998,72.760002,73.019997,51.925064,5301900
2014-12-01,73.000000,73.730003,71.070000,71.860001,51.100201,7524300
2014-12-02,71.750000,74.290001,71.750000,73.760002,52.451305,5166700
2014-12-03,73.809998,75.260002,73.790001,74.830002,53.212185,3270600
2014-12-04,74.330002,75.239998,73.620003,74.970001,53.311729,3904000
2014-12-05,74.820000,75.190002,72.919998,73.019997,51.925064,4252400
2014-12-08,72.230003,72.629997,68.709999,68.930000,49.016644,6709000
2014-12-09,68.559998,69.129997,67.559998,68.809998,48.931309,5270200
2014-12-10,67.629997,68.349998,66.419998,67.110001,47.722439,5589700
2014-12-11,67.110001,68.120003,66.620003,66.820000,47.516201,4743700
2014-12-12,66.300003,67.120003,65.309998,65.680000,46.705540,4427800
2014-12-15,66.650002,67.419998,64.870003,65.089996,46.285999,9156000
2014-12-16,64.599998,68.629997,64.019997,67.040001,47.672665,6209400
2014-12-17,66.779999,69.150002,66.620003,68.360001,48.611320,4530100
2014-12-18,69.900002,70.300003,66.830002,69.029999,49.087765,5258500
2014-12-19,69.599998,71.889999,69.080002,71.809998,51.064629,6677000
2014-12-22,71.059998,71.650002,70.300003,71.230003,50.652195,3540100
2014-12-23,71.489998,72.730003,71.300003,72.559998,51.597973,3717500
2014-12-24,72.099998,72.589996,71.309998,72.099998,51.270847,2090100
2014-12-26,72.339996,73.339996,72.099998,72.650002,51.661964,1842900
2014-12-29,73.010002,73.370003,72.099998,72.820000,51.782845,2980000
2014-12-30,72.800003,73.610001,72.190002,72.919998,51.853966,3144000
2014-12-31,72.699997,73.029999,71.660004,71.699997,50.986404,2565400
2015-01-02,71.610001,72.449997,70.949997,72.290001,51.405968,2545200
2015-01-05,71.239998,71.589996,67.139999,67.919998,48.298428,5886000
2015-01-06,67.660004,68.760002,66.019997,66.019997,46.947319,5793500
2015-01-07,66.769997,67.889999,65.900002,66.309998,47.153545,5556700
2015-01-08,67.099998,68.900002,66.599998,68.889999,48.988190,5432700
2015-01-09,68.309998,68.500000,66.699997,67.309998,47.864651,4438000
2015-01-12,66.480003,66.519997,63.830002,64.239998,45.681545,5232300
2015-01-13,64.309998,64.790001,61.369999,61.500000,43.733112,8886400
2015-01-14,60.639999,60.980000,57.330002,59.419998,42.254017,11611100
2015-01-15,60.240002,60.500000,58.680000,59.090000,42.019352,5531100
2015-01-16,59.000000,61.080002,59.000000,60.830002,43.256680,4978600
2015-01-20,61.790001,63.709999,61.090000,63.619999,45.240662,7995200
2015-01-21,64.269997,66.620003,63.700001,66.250000,47.110870,7109000
2015-01-22,66.839996,67.589996,65.970001,67.309998,47.864651,5501500
2015-01-23,67.470001,69.190002,66.970001,68.519997,48.725086,4667600
2015-01-26,68.639999,69.040001,67.610001,68.400002,48.639759,4149700
2015-01-27,67.699997,69.779999,67.519997,69.599998,49.493080,4407900
2015-01-28,69.800003,70.059998,68.320000,68.370003,48.618431,6039300
2015-01-29,69.949997,70.690002,68.650002,70.480003,50.118874,5810100
2015-01-30,69.730003,71.269997,68.839996,70.320000,50.005089,5793200
2015-02-02,71.309998,72.800003,70.070000,72.800003,51.768631,4818900
2015-02-03,73.720001,74.940002,73.330002,74.879997,53.247719,6683000
2015-02-04,73.830002,75.129997,72.769997,74.419998,52.920628,5353000
2015-02-05,75.300003,75.889999,74.330002,75.209999,53.482410,3014400
2015-02-06,75.320000,76.620003,75.099998,76.099998,54.115292,3592200
2015-02-09,76.269997,76.620003,75.690002,75.930000,53.994396,2783100
2015-02-10,75.199997,75.860001,73.839996,75.669998,53.809521,3340600
2015-02-11,74.930000,75.010002,73.339996,74.190002,52.757088,4125600
2015-02-12,74.730003,75.320000,74.080002,75.110001,53.773685,2812700
2015-02-13,75.760002,76.650002,75.320000,76.620003,54.854752,3479200
2015-02-17,76.379997,77.279999,75.870003,76.900002,55.055222,3523800
2015-02-18,76.010002,76.610001,75.480003,75.949997,54.375072,3997800
2015-02-19,75.470001,77.879997,74.940002,77.430000,55.434673,4599000
2015-02-20,77.519997,78.169998,76.269997,77.339996,55.370232,4566600
2015-02-23,76.750000,79.459999,76.750000,79.330002,56.794926,3785500
2015-02-24,79.709999,80.070000,78.330002,80.000000,57.274609,4442900
2015-02-25,79.879997,80.589996,78.910004,79.089996,56.623096,2959700
2015-02-26,78.989998,80.180000,78.379997,80.059998,57.317574,4279900
2015-02-27,80.099998,80.440002,78.440002,78.459999,56.172066,4296600
2015-03-02,78.459999,78.459999,76.169998,77.000000,55.126823,5976200
2015-03-03,77.529999,78.379997,77.480003,78.089996,55.907181,3361500
2015-03-04,77.699997,78.080002,77.080002,77.959999,55.814102,2199900
2015-03-05,78.199997,78.349998,76.860001,76.879997,55.040894,2721700
2015-03-06,76.160004,77.300003,75.139999,75.360001,53.952679,3681700
2015-03-09,75.440002,77.470001,75.440002,76.290001,54.618492,3630500
2015-03-10,75.839996,75.839996,74.019997,74.029999,53.000492,3496400
2015-03-11,74.279999,75.000000,74.160004,74.550003,53.372795,2422400
2015-03-12,75.099998,75.910004,74.010002,74.160004,53.093555,2960800
2015-03-13,74.139999,74.760002,73.540001,74.639999,53.437210,2848900
2015-03-16,74.320000,76.320000,74.059998,76.290001,54.618492,2471600
2015-03-17,75.589996,76.290001,74.739998,75.949997,54.375072,2634300
2015-03-18,75.639999,78.589996,75.349998,78.120003,55.928650,4731200
2015-03-19,77.220001,77.870003,76.690002,77.510002,55.491943,2647400
2015-03-20,77.699997,78.879997,77.000000,78.860001,56.458450,5172300
2015-03-23,79.000000,79.489998,78.519997,78.529999,56.222195,2747400
2015-03-24,78.379997,78.529999,77.379997,77.629997,55.577847,2198400
2015-03-25,78.589996,80.080002,78.330002,79.000000,56.558670,4135100
2015-03-26,79.699997,79.930000,78.400002,78.440002,56.157749,2035800
2015-03-27,78.610001,78.839996,77.320000,77.610001,55.563511,1979000
2015-03-30,78.260002,80.040001,78.150002,79.559998,56.959595,3035700
2015-03-31,78.449997,79.389999,78.400002,78.599998,56.272305,2715700
2015-04-01,79.070000,80.300003,78.940002,79.940002,57.231655,3257500
2015-04-02,79.279999,80.070000,77.940002,78.169998,55.964451,4424700
2015-04-06,78.489998,79.330002,77.820000,78.550003,56.236511,3260600
2015-04-07,78.639999,78.849998,77.699997,77.769997,55.678078,2776100
2015-04-08,78.059998,78.800003,77.169998,77.410004,55.420338,2352500
2015-04-09,77.279999,77.910004,76.800003,77.809998,55.706715,3572700
2015-04-10,78.000000,78.540001,77.559998,78.339996,56.086159,2306300
2015-04-13,78.449997,78.480003,76.430000,76.930000,55.076702,3996800
2015-04-14,77.580002,78.239998,77.279999,77.830002,55.721039,3443900
2015-04-15,77.949997,79.180000,77.900002,78.940002,56.515728,2989800
2015-04-16,78.820000,79.470001,78.129997,79.239998,56.730495,2545700
2015-04-17,78.669998,78.779999,77.750000,78.010002,55.849907,2411000
2015-04-20,78.260002,79.660004,78.120003,79.300003,56.773445,2620100
2015-04-21,79.300003,79.639999,78.699997,79.500000,56.916649,2458100
2015-04-22,79.919998,81.070000,79.339996,80.919998,57.933258,2822400
2015-04-23,81.139999,81.720001,80.839996,81.230003,58.155209,2919000
2015-04-24,81.379997,81.839996,80.900002,81.589996,58.412930,2067000
2015-04-27,81.870003,81.930000,81.010002,81.070000,58.040665,2040000
2015-04-28,81.230003,81.989998,81.050003,81.610001,58.427261,2265000
2015-04-29,81.430000,81.940002,80.889999,81.000000,57.990528,2855600
2015-04-30,80.900002,81.169998,78.900002,79.309998,56.780617,4829400
2015-05-01,79.410004,81.660004,79.139999,81.610001,58.427261,3061900
2015-05-04,82.000000,82.190002,80.739998,80.839996,57.875980,2833700
2015-05-05,81.099998,81.400002,80.349998,80.440002,57.589626,2279300
2015-05-06,80.550003,80.699997,79.610001,79.820000,57.145744,3398700
2015-05-07,79.800003,80.120003,78.910004,79.940002,57.231655,4047600
2015-05-08,80.400002,81.820000,79.440002,81.629997,58.441570,3008900
2015-05-11,81.980003,81.980003,80.260002,80.540001,57.661190,2406400
2015-05-12,80.279999,80.800003,79.650002,80.500000,57.632568,2245800
2015-05-13,80.949997,81.180000,80.110001,80.769997,57.825874,2343100
2015-05-14,80.410004,81.680000,80.400002,81.629997,58.849579,2658400
2015-05-15,81.540001,81.540001,80.860001,81.050003,58.431473,2046500
2015-05-18,81.110001,81.559998,80.519997,81.330002,58.633312,2015000
2015-05-19,80.900002,81.099998,80.230003,80.699997,58.179138,2549200
2015-05-20,80.739998,81.220001,80.139999,80.519997,58.049343,2551000
2015-05-21,80.690002,81.379997,80.269997,81.000000,58.395405,2289400
2015-05-22,80.620003,81.080002,80.510002,80.970001,58.373791,1735000
2015-05-26,80.169998,80.379997,78.870003,79.360001,57.213081,3202900
2015-05-27,79.820000,80.379997,78.870003,79.190002,57.090527,3368500
2015-05-28,78.940002,79.669998,77.980003,79.559998,57.357269,3302200
2015-05-29,79.559998,80.540001,78.900002,79.120003,57.040047,3734300
2015-06-01,79.550003,80.250000,79.199997,79.349998,57.205883,3007400
2015-06-02,79.379997,79.500000,78.470001,79.099998,57.025642,3281600
2015-06-03,78.790001,78.860001,77.720001,78.300003,56.448898,3198400
2015-06-04,77.709999,78.070000,77.180000,77.379997,55.785618,2623000
2015-06-05,77.239998,78.610001,77.169998,78.050003,56.268661,1934400
2015-06-08,77.110001,77.760002,76.839996,77.180000,55.641457,3344500
2015-06-09,77.339996,77.809998,76.730003,76.790001,55.360291,3383300
2015-06-10,77.410004,78.349998,77.180000,77.800003,56.088444,3600200
2015-06-11,77.980003,79.290001,77.480003,78.669998,56.715645,3126400
2015-06-12,78.160004,78.339996,76.940002,77.650002,55.980297,2574600
2015-06-15,77.699997,78.089996,77.160004,78.080002,56.290291,2546600
2015-06-16,78.000000,78.440002,77.269997,78.389999,56.513775,2511000
2015-06-17,79.150002,79.660004,77.919998,78.839996,56.838211,2799100
2015-06-18,78.910004,80.480003,78.800003,80.029999,57.696117,2508100
2015-06-19,79.580002,80.620003,79.580002,79.669998,57.436584,3030700
2015-06-22,80.019997,80.019997,78.940002,79.599998,57.386093,3153000
2015-06-23,79.800003,80.599998,79.559998,80.309998,57.897972,2453100
2015-06-24,79.699997,80.120003,78.959999,79.190002,57.090527,3106400
2015-06-25,79.190002,79.519997,78.800003,78.889999,56.874245,2347100
2015-06-26,78.800003,79.669998,78.559998,79.620003,57.400536,8753600
2015-06-29,78.750000,79.410004,78.459999,78.489998,56.585854,4888300
2015-06-30,79.239998,81.360001,79.180000,80.559998,58.078190,4628100
2015-07-01,80.639999,81.860001,80.519997,81.300003,58.611698,3779600
2015-07-02,81.470001,82.180000,81.000000,81.449997,58.719830,3388900
2015-07-06,80.389999,81.790001,79.750000,81.540001,58.784706,3978700
2015-07-07,81.980003,82.629997,79.919998,82.349998,59.368683,4170700
2015-07-08,81.849998,81.860001,78.059998,78.500000,56.593075,4513100
2015-07-09,79.599998,80.000000,79.190002,79.449997,57.277962,3839200
2015-07-10,79.860001,81.839996,79.660004,81.489998,58.748665,3236100
2015-07-13,82.050003,84.239998,82.050003,83.419998,60.140057,4148900
2015-07-14,82.889999,84.389999,82.889999,83.519997,60.212143,4884500
2015-07-15,82.790001,83.349998,81.419998,81.769997,58.950512,3737700
2015-07-16,82.419998,83.440002,82.019997,83.209999,59.988667,3017300
2015-07-17,83.209999,83.300003,82.099998,83.239998,60.010303,2502100
2015-07-20,83.129997,83.250000,82.239998,82.330002,59.354244,3095200
2015-07-21,82.300003,83.000000,81.480003,81.980003,59.101929,2215000
2015-07-22,81.839996,82.860001,81.199997,81.830002,58.993790,3725600
2015-07-23,82.110001,82.480003,81.220001,81.389999,58.676579,2110100
2015-07-24,81.339996,81.559998,78.300003,79.029999,56.975166,5377100
2015-07-27,78.000000,78.040001,75.440002,76.720001,55.309826,7687900
2015-07-28,76.800003,79.070000,76.419998,78.650002,56.701229,4784200
2015-07-29,78.550003,80.180000,78.440002,80.029999,57.696117,4380000
2015-07-30,79.489998,79.980003,78.379997,79.120003,57.040047,4040100
2015-07-31,78.470001,80.629997,77.910004,79.500000,57.314022,3615800
2015-08-03,78.669998,80.220001,78.250000,78.680000,56.722847,4085500
2015-08-04,79.110001,79.440002,78.089996,78.260002,56.420052,3601300
2015-08-05,79.570000,80.449997,78.190002,78.279999,56.434471,3102700
2015-08-06,78.449997,79.860001,77.940002,79.639999,57.414944,4605300
2015-08-07,79.269997,80.610001,78.970001,79.620003,57.400536,2969400
2015-08-10,80.070000,82.529999,80.000000,82.519997,59.491226,3876700
2015-08-11,81.070000,83.809998,80.900002,83.699997,60.341923,3584100
2015-08-12,83.370003,84.849998,82.129997,84.320000,60.788918,5037900
2015-08-13,83.199997,84.400002,82.489998,83.080002,60.295403,4177400
2015-08-14,82.699997,83.519997,81.820000,82.300003,59.729313,3277000
2015-08-17,81.919998,83.129997,81.660004,83.059998,60.280884,2586100
2015-08-18,82.680000,83.570000,82.379997,83.250000,60.418766,2516800
2015-08-19,82.699997,82.930000,80.370003,80.800003,58.640682,4913600
2015-08-20,80.239998,81.779999,79.419998,79.529999,57.718983,3737800
2015-08-21,78.690002,79.080002,75.669998,75.739998,54.968384,7353200
2015-08-24,71.930000,73.820000,69.790001,71.660004,52.007320,7050100
2015-08-25,73.620003,74.120003,70.400002,70.550003,51.201752,4731500
2015-08-26,72.500000,73.370003,70.559998,73.300003,53.197552,4573100
2015-08-27,75.029999,76.540001,73.169998,75.019997,54.445839,5814300
2015-08-28,75.139999,77.260002,75.099998,77.230003,56.049744,4889900
2015-08-31,79.500000,80.139999,77.279999,79.070000,57.385143,8614300
2015-09-01,78.129997,78.419998,76.809998,77.589996,56.311012,5302200
2015-09-02,79.139999,79.180000,76.849998,78.559998,57.014996,3621900
2015-09-03,79.099998,80.059998,77.769997,78.459999,56.942417,3358300
2015-09-04,77.500000,78.010002,76.709999,77.199997,56.027973,4266100
2015-09-08,78.209999,79.970001,77.010002,79.879997,57.972988,6212500
2015-09-09,80.059998,82.750000,79.959999,80.650002,58.531815,6346100
2015-09-10,81.209999,82.070000,80.110001,81.019997,58.800350,4424900
2015-09-11,80.830002,80.980003,79.720001,80.599998,58.495514,3950700
2015-09-14,80.529999,80.529999,78.050003,78.209999,56.760983,4261200
2015-09-15,78.400002,79.639999,77.730003,79.209999,57.486740,4053900
2015-09-16,79.400002,79.589996,78.250000,79.190002,57.472214,4018400
2015-09-17,79.480003,80.760002,78.379997,79.309998,57.559303,4060300
2015-09-18,78.089996,79.559998,77.800003,78.589996,57.036766,12950800
2015-09-21,78.809998,80.500000,78.480003,79.260002,57.523041,3399100
2015-09-22,78.120003,78.750000,77.760002,78.169998,56.731953,2957200
2015-09-23,78.550003,79.529999,77.820000,77.849998,56.499725,2485200
2015-09-24,77.610001,78.419998,76.510002,77.650002,56.354561,3727500
2015-09-25,78.180000,78.800003,77.260002,77.940002,56.565033,3193100
2015-09-28,77.459999,78.070000,73.930000,74.110001,53.785419,4161900
2015-09-29,74.809998,75.989998,74.250000,74.510002,54.075722,4335400
2015-09-30,76.209999,77.279999,75.449997,76.839996,55.766708,3901000
2015-10-01,77.629997,78.480003,76.519997,77.930000,56.557774,3044000
2015-10-02,77.110001,79.480003,76.449997,79.480003,57.682697,2467100
2015-10-05,79.940002,82.290001,79.879997,81.820000,59.380943,3449600
2015-10-06,81.709999,83.489998,81.620003,82.580002,59.932518,5355200
2015-10-07,82.930000,83.790001,81.260002,83.239998,60.411518,4013700
2015-10-08,82.970001,84.870003,82.370003,84.580002,61.384022,3179500
2015-10-09,84.610001,84.790001,82.510002,83.519997,60.614723,3104300
2015-10-12,83.750000,84.000000,82.730003,83.870003,60.868736,1791100
2015-10-13,83.000000,83.959999,82.010002,82.160004,59.627705,3322200
2015-10-14,82.160004,83.400002,81.669998,82.470001,59.852673,2172100
2015-10-15,83.029999,83.889999,81.860001,83.489998,60.592957,2289700
2015-10-16,84.029999,84.769997,83.440002,84.120003,61.050194,2679000
2015-10-19,83.419998,83.699997,81.480003,81.620003,59.235817,3054100
2015-10-20,81.320000,81.830002,80.080002,81.599998,59.221275,2896000
2015-10-21,81.879997,81.900002,80.230003,80.500000,58.422951,2347500
2015-10-22,81.330002,82.849998,80.730003,82.610001,59.954285,3323800
2015-10-23,82.610001,84.449997,82.410004,83.349998,60.491341,2522900
2015-10-26,83.309998,83.680000,82.410004,83.000000,60.237347,3124300
2015-10-27,82.339996,83.559998,82.059998,83.559998,60.643753,2595800
2015-10-28,83.690002,85.330002,83.339996,84.889999,61.609001,2672500
2015-10-29,84.519997,86.919998,84.519997,86.430000,62.726669,3568900
2015-10-30,88.320000,90.820000,87.300003,89.050003,64.628113,7125400
2015-11-02,88.389999,91.500000,88.300003,90.599998,65.753052,4939700
2015-11-03,90.720001,93.290001,90.180000,92.669998,67.255333,3636600
2015-11-04,93.000000,94.120003,92.500000,93.330002,67.734344,3933900
2015-11-05,93.339996,93.949997,92.610001,93.680000,67.988342,3115200
2015-11-06,93.209999,93.720001,92.040001,92.750000,67.313416,2447100
2015-11-09,92.750000,94.000000,91.389999,92.010002,66.776360,2730500
2015-11-10,91.389999,92.940002,90.910004,92.099998,67.250961,2299200
2015-11-11,91.809998,92.720001,90.410004,90.589996,66.148369,2590000
2015-11-12,89.959999,89.959999,88.410004,89.239998,65.162621,2692300
2015-11-13,89.260002,89.959999,87.919998,89.080002,65.045792,3080000
2015-11-16,88.980003,91.099998,88.330002,91.070000,66.498886,2743500
2015-11-17,90.769997,91.980003,90.489998,91.120003,66.535385,2306700
2015-11-18,91.279999,92.720001,91.260002,92.540001,67.572243,1857500
2015-11-19,92.360001,92.980003,91.629997,92.379997,67.455406,2367400
2015-11-20,92.550003,92.989998,91.519997,91.669998,66.937012,2758700
2015-11-23,90.489998,92.500000,90.480003,92.169998,67.302078,2725700
2015-11-24,92.099998,93.910004,91.540001,93.129997,68.003059,2807400
2015-11-25,93.070000,94.059998,92.760002,92.769997,67.740211,1949500
2015-11-27,92.290001,93.309998,92.110001,92.760002,67.732895,769900
2015-11-30,93.089996,93.459999,91.339996,91.529999,66.834747,4113100
2015-12-01,92.330002,92.949997,91.209999,92.669998,67.667198,2580500
2015-12-02,92.160004,93.000000,90.080002,90.440002,66.038849,3024700
2015-12-03,91.000000,91.279999,88.199997,88.570000,64.673378,2834600
2015-12-04,90.349998,90.669998,88.699997,90.199997,65.863586,3025900
2015-12-07,88.620003,89.459999,85.720001,86.690002,63.300632,5261600
2015-12-08,85.570000,87.430000,85.110001,86.449997,63.125359,3427300
2015-12-09,86.510002,87.849998,85.199997,86.089996,62.862507,2916800
2015-12-10,86.480003,87.550003,85.680000,86.750000,63.344433,2694500
2015-12-11,85.459999,85.910004,82.519997,82.779999,60.445534,4232800
2015-12-14,82.320000,82.830002,80.279999,81.400002,59.437885,5113500
2015-12-15,82.419998,83.300003,81.419998,81.779999,59.715359,5233100
2015-12-16,81.550003,83.400002,81.550003,83.059998,60.650009,3981600
2015-12-17,83.000000,83.339996,81.760002,81.779999,59.715359,3147700
2015-12-18,81.500000,81.779999,79.680000,80.559998,58.824535,6246600
2015-12-21,81.019997,81.269997,79.470001,80.620003,58.868343,2809400
2015-12-22,80.919998,82.279999,80.669998,81.699997,59.656933,2623100
2015-12-23,82.709999,84.849998,82.139999,84.800003,61.920547,3113800
2015-12-24,84.529999,84.980003,83.809998,84.360001,61.599255,1054200
2015-12-28,83.180000,83.559998,81.910004,82.459999,60.211887,1690500
2015-12-29,83.720001,83.870003,82.580002,82.769997,60.438251,1906100
2015-12-30,82.309998,83.410004,81.870003,82.010002,59.883308,1527700
2015-12-31,81.500000,82.410004,81.209999,81.800003,59.729965,2095800
2016-01-04,81.209999,81.889999,79.360001,80.080002,58.474030,3251400
2016-01-05,80.370003,81.190002,80.050003,81.000000,59.145824,2849900
2016-01-06,79.120003,80.000000,77.599998,78.029999,56.977131,4273300
2016-01-07,76.669998,78.110001,75.949997,76.449997,55.823406,6358000
2016-01-08,76.919998,77.180000,75.150002,75.209999,54.917984,6010000
2016-01-11,75.860001,77.510002,74.370003,76.180000,55.626274,4356000
2016-01-12,76.709999,78.379997,76.000000,77.820000,56.823780,5370100
2016-01-13,78.910004,78.930000,74.540001,75.250000,54.947182,6500200
2016-01-14,75.930000,80.080002,74.320000,79.279999,57.889877,5363500
2016-01-15,76.919998,78.599998,76.610001,78.470001,57.298412,5343200
2016-01-19,80.379997,80.639999,77.480003,78.669998,57.444466,4574300
2016-01-20,76.900002,78.209999,75.370003,76.930000,56.173920,5169900
2016-01-21,76.709999,77.230003,75.290001,76.040001,55.524040,4360700
2016-01-22,78.449997,80.900002,77.599998,80.029999,58.437534,4035600
2016-01-25,79.070000,79.739998,76.169998,76.230003,55.662788,4273700
2016-01-26,76.910004,77.800003,76.190002,77.760002,56.779980,3177200
2016-01-27,77.139999,79.769997,76.419998,77.730003,56.758064,4782100
2016-01-28,79.239998,80.000000,77.000000,78.699997,57.466358,5161000
2016-01-29,78.099998,80.230003,75.800003,80.150002,58.525158,7448400
2016-02-01,79.680000,80.660004,77.820000,79.480003,58.035912,4487700
2016-02-02,78.580002,79.440002,77.800003,78.500000,57.320324,4295400
2016-02-03,79.510002,79.940002,76.760002,79.099998,57.758438,7337500
2016-02-04,79.089996,80.919998,78.599998,79.879997,58.327991,5657700
2016-02-05,79.629997,80.480003,77.919998,78.330002,57.196201,4650400
2016-02-08,78.330002,78.330002,73.300003,76.279999,55.699291,7979800
2016-02-09,75.769997,76.620003,74.669998,75.440002,55.085934,4348600
2016-02-10,76.019997,77.099998,74.669998,75.290001,54.976410,5693400
2016-02-11,73.529999,75.040001,71.739998,72.900002,53.630116,7720800
2016-02-12,74.000000,75.320000,73.839996,75.199997,55.322159,4217700
2016-02-16,76.760002,78.279999,75.860001,78.250000,57.565948,5690300
2016-02-17,79.089996,80.889999,78.879997,80.589996,59.287415,4464600
2016-02-18,81.339996,81.750000,78.889999,79.440002,58.441395,4609000
2016-02-19,78.750000,80.180000,78.389999,80.089996,58.919559,3173500
2016-02-22,80.089996,81.419998,80.089996,80.870003,59.493382,3278100
2016-02-23,80.400002,80.610001,78.529999,78.559998,57.794003,3323400
2016-02-24,77.519997,79.150002,77.349998,79.089996,58.183907,3667200
2016-02-25,79.250000,79.330002,77.620003,78.760002,57.941124,3297200
2016-02-26,79.519997,80.190002,78.919998,79.099998,58.191261,2490100
2016-02-29,79.400002,80.379997,78.930000,79.389999,58.404606,3106400
2016-03-01,80.010002,83.790001,79.699997,83.410004,61.361988,6029000
2016-03-02,83.150002,84.639999,82.839996,84.570000,62.215366,3585500
2016-03-03,84.940002,86.580002,84.550003,86.089996,63.333588,3831300
2016-03-04,86.500000,86.599998,84.839996,85.779999,63.105522,2891100
2016-03-07,85.379997,87.830002,85.070000,87.410004,64.304672,3741800
2016-03-08,86.889999,87.750000,84.750000,84.800003,62.384575,3514400
2016-03-09,85.519997,87.230003,85.199997,86.089996,63.333588,3076700
2016-03-10,86.070000,86.070000,84.120003,85.430000,62.848019,2464600
2016-03-11,86.250000,86.730003,85.110001,86.430000,63.583710,2914700
2016-03-14,85.669998,86.500000,85.290001,86.180000,63.399769,2028600
2016-03-15,85.000000,86.669998,84.900002,86.599998,63.708763,2208900
2016-03-16,86.629997,87.900002,86.370003,87.570000,64.422356,2351800
2016-03-17,88.010002,88.660004,86.440002,88.379997,65.018242,2463500
2016-03-18,88.800003,89.650002,88.129997,89.410004,65.775978,5398200
2016-03-21,89.150002,89.959999,89.110001,89.690002,65.981987,2170200
2016-03-22,89.620003,90.870003,89.029999,90.160004,66.327728,2171400
2016-03-23,89.940002,89.940002,87.879997,88.120003,64.826981,2012500
2016-03-24,86.970001,88.120003,86.570000,88.059998,64.782829,2547300
2016-03-28,87.870003,88.129997,87.070000,87.489998,64.363503,2083500
2016-03-29,86.800003,87.730003,86.019997,87.430000,64.319366,1974600
2016-03-30,88.190002,88.610001,86.980003,87.620003,64.459167,1850900
2016-03-31,87.269997,87.809998,86.209999,86.589996,63.701385,2810600
2016-04-01,85.599998,85.959999,84.879997,85.669998,63.024616,2639100
2016-04-04,85.699997,86.660004,85.290001,85.730003,63.068741,1817400
2016-04-05,85.080002,85.690002,84.209999,84.809998,62.391930,2126100
2016-04-06,85.349998,85.620003,83.260002,85.019997,62.546410,3172000
2016-04-07,84.599998,85.019997,83.830002,84.510002,62.171242,1751800
2016-04-08,85.800003,86.809998,85.269997,86.059998,63.311501,2741300
2016-04-11,86.500000,86.849998,84.559998,84.580002,62.222702,2158100
2016-04-12,84.669998,86.089996,84.059998,85.980003,63.252651,2587500
2016-04-13,86.480003,87.099998,85.800003,87.010002,64.010368,2089200
2016-04-14,87.110001,87.629997,86.570000,86.919998,63.944187,1735400
2016-04-15,86.660004,86.660004,84.849998,84.849998,62.421345,2723400
2016-04-18,84.849998,85.730003,83.910004,85.650002,63.009884,2454600
2016-04-19,85.720001,86.500000,85.290001,86.419998,63.576313,1935800
2016-04-20,85.910004,87.209999,84.809998,86.690002,63.774982,2344300
2016-04-21,86.839996,87.650002,86.080002,87.400002,64.297287,2270700
2016-04-22,87.639999,88.459999,87.379997,87.980003,64.724007,2038900
2016-04-25,87.900002,88.239998,86.889999,87.930000,64.687202,1730700
2016-04-26,88.449997,88.849998,87.820000,88.400002,65.032974,1654800
2016-04-27,88.849998,89.309998,88.010002,88.949997,65.437584,2451700
2016-04-28,88.360001,89.059998,87.339996,87.790001,64.584198,3039000
2016-04-29,85.209999,86.029999,81.150002,82.110001,60.405636,7296800
2016-05-02,82.440002,82.500000,79.980003,82.199997,60.471828,4486800
2016-05-03,80.699997,80.980003,79.449997,80.010002,58.860722,4397100
2016-05-04,79.900002,80.389999,78.489998,79.320000,58.353107,2996800
2016-05-05,80.019997,80.820000,78.440002,79.080002,58.176552,2830500
2016-05-06,78.709999,80.180000,78.269997,78.519997,57.764565,3802800
2016-05-09,78.500000,78.529999,76.879997,78.320000,57.617443,3064600
2016-05-10,78.760002,79.690002,78.660004,79.250000,58.301605,2236500
2016-05-11,79.160004,80.360001,78.620003,79.389999,58.404606,2652200
2016-05-12,80.000000,80.099998,77.839996,78.250000,57.565948,2603500
2016-05-13,78.250000,79.139999,77.910004,78.339996,57.632160,3029400
2016-05-16,78.220001,78.800003,77.199997,78.680000,58.351540,3107000
2016-05-17,78.559998,79.300003,78.040001,78.309998,58.077126,2235800
2016-05-18,78.290001,79.480003,77.720001,78.129997,57.943607,2508400
2016-05-19,77.550003,77.959999,76.680000,77.650002,57.587658,2240900
2016-05-20,78.150002,78.459999,77.489998,77.900002,57.773071,2352300
2016-05-23,77.510002,78.629997,77.400002,77.820000,57.713718,2498900
2016-05-24,78.599998,80.000000,78.489998,79.699997,59.108013,3454500
2016-05-25,80.089996,80.470001,79.470001,80.129997,59.426899,2917400
2016-05-26,80.419998,80.599998,79.120003,80.040001,59.360130,3572100
2016-05-27,80.050003,80.800003,79.750000,80.629997,59.797726,2319000
2016-05-31,80.900002,81.080002,79.860001,80.360001,59.597466,5908500
2016-06-01,79.900002,80.959999,79.389999,80.849998,59.960869,3022500
2016-06-02,80.570000,81.430000,80.519997,80.830002,59.946056,2303700
2016-06-03,80.610001,80.889999,79.389999,80.129997,59.426899,2985100
2016-06-06,80.610001,80.769997,80.080002,80.760002,59.894127,2185000
2016-06-07,80.870003,81.580002,80.540001,81.320000,60.309437,2708400
2016-06-08,81.580002,82.419998,81.010002,82.370003,61.088142,3595800
2016-06-09,81.650002,81.889999,80.879997,81.129997,60.168549,3298200
2016-06-10,80.250000,80.660004,79.629997,80.070000,59.382404,2341400
2016-06-13,79.730003,79.940002,78.669998,78.800003,58.440525,3347700
2016-06-14,78.629997,79.339996,77.629997,78.900002,58.514683,2638700
2016-06-15,78.629997,79.970001,78.110001,79.139999,58.692669,2321700
2016-06-16,78.470001,79.570000,78.099998,79.430000,58.907757,1867400
2016-06-17,79.339996,79.459999,78.279999,78.500000,58.218040,4086500
2016-06-20,79.529999,80.239998,78.959999,79.059998,58.633343,2748300
2016-06-21,79.300003,79.580002,78.230003,79.349998,58.848427,2331100
2016-06-22,79.370003,80.300003,79.150002,79.540001,58.989334,1842100
2016-06-23,80.019997,80.870003,79.599998,80.870003,59.975719,2097300
2016-06-24,78.290001,79.739998,78.290001,78.620003,58.307018,6031800
2016-06-27,78.190002,78.519997,76.400002,76.900002,57.031429,3474000
2016-06-28,78.000000,78.790001,77.070000,78.750000,58.403435,2479000
2016-06-29,79.209999,80.010002,79.080002,79.699997,59.108013,2348700
2016-06-30,79.400002,79.489998,77.709999,79.339996,58.841034,3505600
2016-07-01,79.070000,79.910004,78.959999,79.779999,59.167316,2661000
2016-07-05,78.970001,79.320000,77.400002,77.930000,57.795319,3063900
2016-07-06,77.260002,77.330002,74.839996,76.370003,56.638374,5344900
2016-07-07,76.589996,77.099998,73.669998,74.269997,55.080959,6056100
2016-07-08,74.540001,75.470001,74.059998,74.849998,55.511078,4058200
2016-07-11,74.849998,75.580002,74.760002,75.209999,55.778072,2704900
2016-07-12,75.989998,77.190002,75.720001,76.400002,56.660622,3309200
2016-07-13,76.080002,76.510002,74.820000,76.250000,56.549362,3586500
2016-07-14,76.360001,76.809998,76.059998,76.610001,56.816360,2901000
2016-07-15,76.910004,76.910004,75.500000,75.660004,56.111805,2977600
2016-07-18,75.769997,76.070000,75.000000,75.650002,56.104382,2418400
2016-07-19,75.730003,75.940002,75.320000,75.739998,56.171139,2018000
2016-07-20,75.739998,76.019997,75.000000,75.339996,55.874466,2144500
2016-07-21,75.550003,76.169998,74.949997,75.120003,55.711323,2631000
2016-07-22,75.120003,75.400002,74.610001,75.389999,55.911560,1688300
2016-07-25,75.029999,75.120003,73.970001,74.470001,55.229259,3318200
2016-07-26,74.470001,76.300003,74.370003,76.230003,56.534557,2901700
2016-07-27,76.430000,76.870003,75.269997,75.400002,55.918987,3108500
2016-07-28,75.690002,76.379997,75.089996,76.250000,56.549362,4051900
2016-07-29,75.379997,76.160004,73.820000,76.059998,56.408455,5548800
2016-08-01,75.300003,75.629997,74.019997,74.260002,55.073521,3399600
2016-08-02,74.529999,76.330002,74.510002,76.150002,56.475208,4528300
2016-08-03,76.599998,78.739998,76.300003,78.660004,58.336704,4582400
2016-08-04,78.370003,78.830002,77.309998,77.540001,57.506077,2692900
2016-08-05,77.709999,78.610001,77.500000,78.279999,58.054890,1619100
2016-08-08,78.889999,79.519997,78.480003,78.580002,58.277370,2327900
2016-08-09,78.760002,78.790001,76.580002,76.720001,56.897942,3052700
2016-08-10,76.889999,77.860001,76.500000,76.949997,57.068508,2228200
2016-08-11,77.419998,78.470001,77.000000,78.160004,57.965889,1962200
2016-08-12,78.389999,78.900002,78.000000,78.809998,58.447952,2454500
2016-08-15,79.150002,79.250000,78.220001,78.589996,58.284782,2808000
2016-08-16,78.120003,78.250000,77.709999,77.980003,58.299736,1624800
2016-08-17,78.059998,78.209999,77.260002,77.709999,58.097889,2642600
2016-08-18,77.980003,78.180000,77.180000,77.949997,58.277309,3632100
2016-08-19,77.629997,78.690002,77.510002,78.050003,58.352066,2400300
2016-08-22,77.519997,77.660004,76.800003,76.970001,57.544640,2252000
2016-08-23,77.169998,78.190002,76.959999,77.820000,58.180107,1724100
2016-08-24,77.800003,78.230003,77.199997,77.680000,58.075466,1655700
2016-08-25,77.889999,79.449997,77.830002,79.070000,59.114655,3666000
2016-08-26,79.099998,79.699997,78.169998,78.620003,58.778202,2061300
2016-08-29,78.860001,79.300003,78.650002,78.879997,58.972595,1782300
2016-08-30,78.879997,79.790001,78.879997,79.330002,59.309040,1980800
2016-08-31,79.150002,79.370003,78.110001,78.449997,58.651131,2648800
2016-09-01,78.930000,78.930000,77.660004,78.290001,58.531483,2165400
2016-09-02,78.970001,79.029999,78.480003,78.870003,58.965118,1561100
2016-09-06,79.279999,79.339996,78.760002,79.110001,59.144558,2729900
2016-09-07,79.239998,79.989998,79.150002,79.589996,59.503414,3312500
2016-09-08,79.800003,80.459999,79.470001,80.080002,59.869759,2001800
2016-09-09,79.389999,79.410004,77.860001,77.860001,58.210030,2834200
2016-09-12,77.489998,79.209999,77.169998,78.839996,58.942711,2224700
2016-09-13,78.000000,78.050003,77.120003,77.250000,57.753975,4007800
2016-09-14,77.139999,78.230003,76.760002,76.970001,57.544640,3115100
2016-09-15,77.430000,79.529999,77.099998,79.099998,59.137081,2875300
2016-09-16,78.320000,79.290001,78.230003,79.089996,59.129612,7599600
2016-09-19,79.760002,80.879997,79.180000,80.349998,60.071598,3205500
2016-09-20,80.349998,80.470001,79.580002,79.580002,59.495941,2218400
2016-09-21,79.820000,80.190002,79.370003,80.070000,59.862278,2133400
2016-09-22,80.500000,81.080002,80.010002,80.029999,59.832359,1728500
2016-09-23,79.690002,79.949997,79.059998,79.580002,59.495941,2065100
2016-09-26,79.779999,80.269997,79.389999,79.470001,59.413692,2351000
2016-09-27,79.019997,79.820000,78.919998,79.410004,59.368839,2274600
2016-09-28,79.730003,81.309998,79.300003,81.190002,60.699623,2954500
2016-09-29,81.050003,81.190002,78.860001,79.279999,59.271652,4121800
2016-09-30,79.919998,80.959999,79.550003,80.550003,60.221134,2819900
2016-10-03,80.419998,80.769997,79.809998,80.410004,60.116463,1702800
2016-10-04,80.339996,81.269997,79.739998,79.820000,59.675373,1985400
2016-10-05,80.589996,81.410004,80.360001,81.089996,60.624847,2358100
2016-10-06,81.180000,81.500000,80.040001,80.769997,60.385601,1828800
2016-10-07,81.000000,81.070000,80.000000,80.389999,60.101517,1614700
2016-10-10,80.860001,81.440002,80.800003,81.300003,60.781853,1338500
2016-10-11,81.239998,81.339996,80.180000,80.559998,60.228622,1581600
2016-10-12,80.559998,80.559998,79.510002,79.809998,59.667889,1664600
2016-10-13,79.180000,79.459999,78.059998,79.150002,59.174458,2185300
2016-10-14,79.739998,80.120003,79.209999,79.309998,59.294067,1420800
2016-10-17,79.309998,79.720001,78.750000,79.139999,59.166969,2397000
2016-10-18,79.730003,79.989998,79.300003,79.589996,59.503414,1339300
2016-10-19,79.910004,80.110001,79.449997,79.669998,59.563217,1737400
2016-10-20,79.400002,79.919998,78.910004,79.739998,59.615555,1407300
2016-10-21,79.209999,80.430000,78.800003,80.349998,60.071598,2070800
2016-10-24,80.529999,81.029999,79.870003,80.589996,60.251041,1490300
2016-10-25,80.290001,81.080002,79.940002,80.760002,60.378139,2263300
2016-10-26,80.279999,81.510002,80.110001,81.059998,60.602421,2064900
2016-10-27,81.120003,81.260002,79.860001,79.989998,59.802467,2434400
2016-10-28,79.230003,81.760002,79.000000,80.129997,59.907135,2977400
2016-10-31,80.199997,81.989998,80.019997,81.150002,60.669716,2819800
2016-11-01,82.349998,83.209999,79.470001,80.250000,59.996857,4350600
2016-11-02,79.500000,79.809998,78.010002,78.339996,58.568878,2958400
2016-11-03,78.589996,79.800003,77.660004,79.080002,59.122135,2530700
2016-11-04,78.879997,79.550003,78.260002,78.599998,58.763268,1568500
2016-11-07,79.620003,80.230003,79.519997,79.930000,59.757603,2051400
2016-11-08,79.720001,80.730003,79.610001,79.889999,59.727703,1617300
2016-11-09,79.290001,83.160004,78.930000,82.449997,61.641598,4490400
2016-11-10,82.339996,83.760002,82.190002,83.089996,62.120094,3188500
2016-11-11,82.900002,83.089996,81.870003,82.220001,61.469681,2185500
2016-11-14,82.220001,83.500000,82.029999,83.360001,62.321964,2602400
2016-11-15,83.360001,83.779999,82.500000,83.699997,63.052689,2991100
2016-11-16,83.650002,83.820000,82.779999,83.000000,62.525349,1601300
2016-11-17,83.720001,84.610001,83.300003,83.830002,63.150604,2294800
2016-11-18,83.889999,84.180000,83.529999,83.639999,63.007477,2220300
2016-11-21,84.480003,84.930000,83.970001,84.860001,63.926525,2118400
2016-11-22,84.959999,85.629997,84.169998,84.879997,63.941589,2853900
2016-11-23,84.839996,85.599998,84.480003,85.059998,64.077194,2681300
2016-11-25,84.820000,84.919998,84.510002,84.889999,63.949127,972200
2016-11-28,84.800003,85.029999,84.019997,84.089996,63.346474,3389300
2016-11-29,83.360001,83.500000,82.300003,82.389999,62.065826,2150500
2016-11-30,83.099998,83.809998,82.330002,83.080002,62.585625,4999400
2016-12-01,83.919998,85.800003,83.599998,84.980003,64.016922,3535500
2016-12-02,84.750000,85.699997,84.699997,84.879997,63.941589,2104400
2016-12-05,85.379997,85.889999,84.889999,85.440002,64.363449,2811300
2016-12-06,85.129997,85.430000,84.559998,84.910004,63.964188,2564200
2016-12-07,85.080002,87.099998,84.940002,87.010002,65.546158,2687000
2016-12-08,87.059998,87.970001,86.919998,87.629997,66.013222,2240700
2016-12-09,87.690002,87.690002,86.860001,87.160004,65.659134,1513000
2016-12-12,88.000000,88.480003,86.730003,87.300003,65.764633,1844200
2016-12-13,87.739998,88.870003,87.330002,88.169998,66.419998,1976900
2016-12-14,87.650002,88.059998,86.349998,86.419998,65.101685,2667500
2016-12-15,86.120003,87.089996,85.930000,86.570000,65.214699,2133800
2016-12-16,86.800003,87.559998,86.540001,87.459999,65.885132,2295800
2016-12-19,87.190002,87.440002,86.849998,87.169998,65.666695,1516800
2016-12-20,87.379997,87.489998,86.669998,86.940002,65.493439,1483700
2016-12-21,87.110001,87.230003,86.559998,86.779999,65.372887,1512600
2016-12-22,86.699997,87.930000,86.440002,87.559998,65.960464,1456700
2016-12-23,87.279999,87.900002,87.279999,87.720001,66.081009,948800
2016-12-27,87.870003,88.139999,87.610001,87.739998,66.096077,926600
2016-12-28,87.730003,87.959999,87.029999,87.120003,65.629021,1359800
2016-12-29,87.010002,87.489998,86.360001,86.650002,65.274971,1035700
2016-12-30,86.650002,87.050003,86.010002,86.410004,65.094162,1374800
2017-01-03,87.309998,87.919998,86.650002,86.790001,65.380424,2257900
2017-01-04,87.169998,88.260002,87.080002,87.260002,65.734482,2306900
2017-01-05,87.260002,88.120003,86.660004,86.739998,65.342758,2056300
2017-01-06,86.779999,86.970001,85.279999,85.400002,64.333328,1989400
2017-01-09,84.910004,84.910004,83.750000,84.019997,63.293720,2581900
2017-01-10,84.000000,85.180000,83.589996,83.760002,63.097881,3697700
2017-01-11,83.910004,85.599998,83.800003,84.889999,63.949127,3543500
2017-01-12,85.089996,85.120003,83.510002,84.339996,63.534782,2169400
2017-01-13,84.059998,84.160004,83.070000,83.290001,62.743824,2242900
2017-01-17,83.209999,84.650002,83.080002,83.559998,62.947201,2379700
2017-01-18,83.519997,84.510002,83.500000,84.129997,63.376606,1967400
2017-01-19,83.949997,84.080002,82.680000,82.989998,62.517822,1929600
2017-01-20,83.489998,84.029999,82.580002,83.040001,62.555489,2068200
2017-01-23,83.279999,83.370003,82.019997,82.199997,61.922699,2033700
2017-01-24,82.639999,84.459999,82.550003,84.190002,63.421803,2398500
2017-01-25,84.709999,85.290001,84.470001,85.000000,64.031998,1707900
2017-01-26,85.180000,85.339996,84.029999,84.239998,63.459461,1618200
2017-01-27,84.010002,84.349998,82.500000,82.769997,62.352081,2099300
2017-01-30,82.500000,82.750000,81.690002,82.330002,62.020630,2375000
2017-01-31,82.000000,82.370003,81.150002,81.620003,61.485790,2740200
2017-02-01,82.110001,82.320000,80.360001,80.750000,60.830395,3030200
2017-02-02,80.930000,81.260002,80.230003,81.050003,61.056385,3386800
2017-02-03,80.500000,81.199997,78.820000,79.949997,60.227745,3672500
2017-02-06,80.000000,80.190002,79.000000,79.139999,59.617538,3016700
2017-02-07,79.099998,79.139999,77.809998,78.550003,59.173096,3255400
2017-02-08,78.250000,79.019997,77.809998,78.860001,59.406624,3042800
2017-02-09,78.860001,79.629997,78.860001,79.250000,59.700413,2596900
2017-02-10,79.419998,79.980003,79.379997,79.860001,60.159950,2030700
2017-02-13,79.860001,80.120003,79.570000,79.900002,60.190060,2111900
2017-02-14,79.980003,80.099998,79.150002,79.980003,60.250328,2543900
2017-02-15,79.730003,80.389999,79.660004,80.080002,60.325665,2272800
2017-02-16,79.599998,79.690002,78.400002,78.500000,59.604347,2939200
2017-02-17,78.489998,79.239998,78.349998,78.660004,59.725834,2219200
2017-02-21,79.080002,79.389999,78.760002,79.029999,60.006771,2833700
2017-02-22,79.000000,79.000000,78.220001,78.379997,59.513226,2017500
2017-02-23,79.000000,79.349998,78.360001,78.610001,59.687866,1864600
2017-02-24,78.389999,78.489998,77.690002,78.029999,59.247471,2225500
2017-02-27,78.199997,79.190002,78.000000,78.860001,59.877686,2648400
2017-02-28,78.779999,79.139999,78.110001,78.190002,59.368969,3243100
2017-03-01,78.910004,80.029999,78.879997,79.370003,60.264923,3204500
2017-03-02,79.279999,79.349998,78.160004,78.330002,59.475277,2550400
2017-03-03,78.500000,79.029999,78.180000,78.339996,59.482857,1737700
2017-03-06,78.160004,78.889999,78.010002,78.720001,59.771378,1848200
2017-03-07,78.610001,78.809998,77.389999,77.480003,58.829845,2679200
2017-03-08,77.610001,78.309998,77.129997,77.250000,58.655228,2817600
2017-03-09,77.019997,77.400002,76.279999,76.839996,58.343925,2684500
2017-03-10,77.180000,78.980003,76.589996,78.860001,59.877686,5038100
2017-03-13,78.910004,79.489998,78.709999,79.010002,59.991566,2178700
2017-03-14,78.500000,78.769997,78.160004,78.510002,59.611938,2343400
2017-03-15,78.940002,80.279999,78.940002,80.150002,60.857159,2411800
2017-03-16,80.059998,80.099998,79.419998,79.690002,60.507904,2474600
2017-03-17,79.860001,80.089996,79.629997,79.940002,60.697739,2799600
2017-03-20,79.879997,79.989998,79.099998,79.410004,60.295292,2285400
2017-03-21,79.489998,79.779999,78.260002,78.599998,59.680283,4631300
2017-03-22,78.300003,78.940002,77.839996,78.830002,59.854885,3026800
2017-03-23,78.570000,79.190002,78.430000,78.480003,59.589161,2211800
2017-03-24,78.419998,78.669998,77.120003,77.269997,58.670414,2359700
2017-03-27,76.970001,77.790001,76.660004,77.250000,58.655228,2089300
2017-03-28,77.410004,78.110001,77.080002,77.919998,59.163933,2388500
2017-03-29,77.809998,78.500000,77.540001,78.320000,59.467655,2282000
2017-03-30,78.379997,78.849998,77.940002,78.589996,59.672661,3241500
2017-03-31,78.489998,79.430000,78.410004,79.220001,60.151043,2744100
2017-04-03,79.089996,79.220001,78.000000,78.290001,59.444885,1711600
2017-04-04,78.500000,78.550003,77.669998,78.430000,59.551193,1368100
2017-04-05,78.739998,79.480003,77.529999,77.570000,58.898193,2867200
2017-04-06,77.589996,77.650002,76.650002,76.879997,58.374283,3322400
2017-04-07,76.959999,77.660004,76.529999,77.150002,58.579292,2484300
2017-04-10,77.510002,78.650002,77.500000,78.050003,59.262653,2503900
2017-04-11,77.809998,77.970001,77.150002,77.879997,59.133591,2042900
2017-04-12,78.129997,78.260002,77.260002,77.379997,58.753925,2006100
2017-04-13,77.260002,77.690002,76.459999,76.669998,58.214836,2606600
2017-04-17,76.660004,77.010002,76.570000,77.010002,58.473003,1548800
2017-04-18,76.650002,76.989998,75.639999,75.930000,57.652969,2326300
2017-04-19,75.940002,76.150002,75.139999,75.330002,57.197384,2511300
2017-04-20,75.500000,76.370003,75.330002,75.750000,57.516277,1682300
2017-04-21,75.599998,76.589996,75.599998,76.349998,57.971848,2561100
2017-04-24,77.120003,77.589996,76.739998,77.510002,58.852631,2483300
2017-04-25,77.599998,78.180000,77.250000,78.080002,59.285431,2632800
2017-04-26,77.930000,78.889999,77.660004,78.110001,59.308193,2977500
2017-04-27,78.010002,78.129997,76.930000,78.050003,59.262653,3001200
2017-04-28,79.599998,80.940002,79.070000,79.559998,60.409180,5260800
2017-05-01,79.519997,80.349998,79.320000,79.559998,60.409180,2632700
2017-05-02,79.930000,80.070000,79.059998,79.260002,60.181389,2202900
2017-05-03,78.910004,79.750000,78.739998,79.589996,60.431973,1946200
2017-05-04,79.300003,79.300003,78.000000,78.239998,59.406921,2163800
2017-05-05,78.330002,79.430000,78.320000,79.349998,60.249741,1764000
2017-05-08,79.070000,79.730003,78.790001,79.639999,60.469913,1867800
2017-05-09,79.540001,80.110001,79.379997,79.599998,60.439564,1455800
2017-05-10,79.769997,80.040001,79.459999,79.750000,60.553448,1690500
2017-05-11,79.900002,80.019997,79.209999,79.519997,60.378830,1440400
2017-05-12,79.470001,79.980003,79.300003,79.790001,60.583809,1439900
2017-05-15,80.290001,80.680000,79.830002,80.120003,60.834393,1725800
2017-05-16,79.440002,79.470001,78.220001,78.540001,60.160328,2011800
2017-05-17,78.540001,78.779999,77.629997,77.669998,59.493916,2208700
2017-05-18,77.379997,77.940002,76.809998,77.550003,59.402023,2534400
2017-05-19,77.660004,78.529999,77.349998,78.250000,59.938202,2293200
2017-05-22,78.309998,78.790001,78.209999,78.550003,60.167984,1386600
2017-05-23,78.750000,78.790001,78.089996,78.139999,59.853939,2977000
2017-05-24,78.110001,78.610001,77.910004,78.279999,59.961178,1424900
2017-05-25,78.510002,78.879997,77.220001,77.419998,59.302429,2765100
2017-05-26,77.629997,77.910004,77.150002,77.440002,59.317749,2300400
2017-05-30,77.279999,77.680000,76.820000,77.000000,58.980713,1920200
2017-05-31,76.900002,77.230003,76.000000,76.110001,58.298977,3842300
2017-06-01,76.379997,76.709999,75.900002,76.620003,58.689632,2503800
2017-06-02,76.169998,76.809998,75.849998,76.370003,58.498146,2150900
2017-06-05,76.190002,77.230003,76.190002,76.860001,58.873478,2251900
2017-06-06,76.690002,77.099998,76.320000,77.040001,59.011337,1707200
2017-06-07,76.639999,77.160004,76.349998,76.959999,58.950077,2556000
2017-06-08,76.959999,77.940002,76.800003,77.400002,59.287109,2434700
2017-06-09,77.360001,79.699997,77.300003,79.570000,60.949314,2832800
2017-06-12,79.570000,80.480003,79.570000,80.209999,61.439522,2971200
2017-06-13,80.290001,80.730003,79.900002,80.629997,61.761253,1843100
2017-06-14,80.589996,80.639999,78.750000,78.779999,60.344173,2810800
2017-06-15,78.610001,79.379997,78.529999,79.080002,60.573971,2157300
2017-06-16,79.430000,80.980003,79.209999,80.940002,61.998692,4870900
2017-06-19,80.989998,81.519997,80.849998,81.239998,62.228477,2757400
2017-06-20,80.300003,80.599998,78.910004,79.550003,60.933975,2299700
2017-06-21,79.550003,79.769997,78.629997,78.889999,60.428417,2073900
2017-06-22,79.019997,79.410004,78.629997,78.910004,60.443745,1016100
2017-06-23,78.820000,80.370003,78.800003,80.269997,61.485474,2696600
2017-06-26,80.279999,80.650002,80.059998,80.239998,61.462517,1512900
2017-06-27,80.389999,81.300003,80.239998,80.540001,61.692284,1653900
2017-06-28,81.000000,82.129997,80.989998,81.790001,62.649769,2317500
2017-06-29,82.099998,82.820000,81.790001,81.870003,62.711056,2514000
2017-06-30,82.320000,83.110001,81.919998,82.690002,63.339169,2458700
2017-07-03,82.970001,83.870003,82.919998,83.339996,63.837048,1076900
2017-07-05,83.250000,83.250000,82.150002,82.330002,63.063427,1974200
2017-07-06,82.400002,82.599998,81.690002,81.889999,62.726372,1590800
2017-07-07,81.919998,82.820000,81.550003,82.599998,63.270203,1710800
2017-07-10,82.480003,82.870003,82.330002,82.459999,63.162987,1498700
2017-07-11,82.279999,82.750000,81.910004,82.360001,63.086376,1365400
2017-07-12,82.830002,83.099998,81.910004,82.239998,62.994461,1606000
2017-07-13,81.940002,82.250000,81.110001,81.720001,62.596146,2318400
2017-07-14,81.860001,82.349998,81.650002,82.199997,62.963837,1435800
2017-07-17,81.919998,82.220001,81.639999,81.809998,62.665096,1843700
2017-07-18,82.089996,82.129997,81.510002,81.959999,62.779987,1339100
2017-07-19,81.949997,82.940002,81.860001,82.919998,63.515331,1666200
2017-07-20,82.970001,83.120003,81.989998,82.360001,63.086376,1167700
2017-07-21,82.309998,83.330002,81.980003,82.849998,63.461720,2190600
2017-07-24,82.690002,83.019997,82.519997,82.650002,63.308525,1417900
2017-07-25,83.209999,84.680000,83.209999,84.449997,64.687302,2335600
2017-07-26,84.690002,84.720001,83.620003,83.699997,64.112831,1753700
2017-07-27,83.529999,84.930000,83.339996,84.510002,64.733253,2188400
2017-07-28,84.239998,84.650002,83.489998,83.650002,64.074524,2169400
2017-07-31,83.879997,84.389999,83.750000,83.750000,64.151100,3641500
2017-08-01,84.040001,85.809998,84.000000,85.629997,65.591141,2696700
2017-08-02,85.449997,87.300003,85.379997,86.669998,66.387764,2952400
2017-08-03,86.769997,87.120003,85.589996,85.650002,65.606468,2430100
2017-08-04,85.690002,86.190002,85.580002,85.599998,65.568176,2087500
2017-08-07,85.529999,85.589996,84.879997,85.070000,65.162209,2187200
2017-08-08,84.839996,85.309998,84.529999,85.019997,65.123886,1848000
2017-08-09,85.000000,85.559998,84.320000,84.489998,64.717934,2297100
2017-08-10,84.419998,84.750000,83.480003,83.639999,64.066849,1850500
2017-08-11,83.089996,83.800003,82.959999,83.440002,63.913658,1858200
2017-08-14,83.599998,84.300003,83.440002,83.879997,64.250671,1758700
2017-08-15,83.750000,84.080002,83.239998,83.680000,64.097466,1907600
2017-08-16,83.309998,83.480003,82.760002,83.029999,64.136108,2138400
2017-08-17,82.669998,83.010002,80.889999,80.889999,62.483047,2359100
2017-08-18,80.800003,82.169998,80.730003,81.559998,63.000607,2288900
2017-08-21,81.410004,82.040001,81.139999,81.900002,63.263237,1686900
2017-08-22,82.120003,82.599998,81.989998,82.230003,63.518150,1709100
2017-08-23,81.970001,82.650002,81.879997,82.360001,63.618561,1159800
2017-08-24,82.059998,84.410004,82.059998,83.870003,64.784943,2463200
2017-08-25,84.300003,84.839996,83.370003,83.419998,64.437378,1778600
2017-08-28,84.110001,84.599998,83.519997,83.650002,64.615036,2285600
2017-08-29,83.500000,83.989998,83.250000,83.500000,64.499161,1696800
2017-08-30,83.500000,83.739998,82.949997,83.599998,64.576416,1853600
2017-08-31,83.970001,83.980003,83.120003,83.809998,64.738617,2446000
2017-09-01,83.870003,84.610001,83.190002,84.430000,65.217522,2048800
2017-09-05,84.320000,84.400002,82.660004,83.239998,64.298317,2491400
2017-09-06,83.639999,83.949997,83.180000,83.360001,64.391014,1885900
2017-09-07,83.480003,84.199997,83.110001,84.040001,64.916283,1853200
2017-09-08,84.029999,85.110001,83.959999,84.699997,65.426086,1936700
2017-09-11,84.900002,85.419998,84.430000,85.190002,65.804588,1508900
2017-09-12,85.199997,85.839996,85.080002,85.730003,66.221695,1567300
2017-09-13,85.889999,86.459999,85.519997,86.349998,66.700630,1748100
2017-09-14,86.180000,86.760002,85.949997,86.239998,66.615654,2002600
2017-09-15,86.300003,87.820000,86.290001,87.669998,67.720261,4363600
2017-09-18,87.610001,88.349998,87.500000,88.309998,68.214607,1815900
2017-09-19,88.370003,89.309998,88.019997,89.089996,68.817131,1928600
2017-09-20,89.029999,89.510002,88.769997,89.070000,68.801666,2279000
2017-09-21,88.900002,89.709999,88.800003,89.139999,68.855743,2035700
2017-09-22,89.139999,90.099998,89.019997,89.889999,69.435066,2036600
2017-09-25,89.970001,91.500000,89.849998,91.010002,70.300201,2039700
2017-09-26,91.150002,91.680000,90.910004,91.349998,70.562843,1986500
2017-09-27,91.389999,92.080002,90.580002,91.800003,70.910446,2468200
2017-09-28,91.980003,92.190002,91.290001,91.790001,70.902718,2197400
2017-09-29,91.660004,92.080002,91.349998,91.610001,70.763672,1947300
2017-10-02,91.360001,92.669998,91.209999,92.379997,71.358482,1929500
2017-10-03,93.800003,94.690002,93.250000,93.629997,72.324013,2606100
2017-10-04,93.389999,93.709999,92.760002,93.430000,72.169518,2214300
2017-10-05,93.529999,94.120003,93.099998,93.330002,72.092293,2046000
2017-10-06,92.769997,93.330002,92.410004,92.820000,71.698349,1769400
2017-10-09,93.449997,93.760002,93.040001,93.320000,72.084557,1238700
2017-10-10,93.660004,94.000000,93.320000,93.470001,72.200424,1109900
2017-10-11,93.470001,93.949997,92.919998,93.680000,72.362617,1644300
2017-10-12,93.449997,94.459999,93.330002,94.339996,72.872482,1692800
2017-10-13,94.690002,95.000000,94.220001,94.430000,72.941978,1608600
2017-10-16,93.500000,93.790001,90.699997,90.870003,70.192085,3563000
2017-10-17,90.690002,91.099998,90.400002,90.629997,70.006683,2398400
2017-10-18,90.739998,90.879997,89.900002,90.239998,69.705444,1942200
2017-10-19,89.709999,90.580002,89.260002,90.389999,69.821304,1899800
2017-10-20,90.790001,91.029999,90.389999,90.800003,70.138016,2109800
2017-10-23,90.889999,91.760002,90.699997,91.239998,70.477867,2036000
2017-10-24,91.279999,91.889999,90.669998,91.830002,70.933632,1425700
2017-10-25,91.820000,92.349998,91.230003,91.709999,70.840919,2187400
2017-10-26,91.510002,92.000000,90.800003,91.180000,70.431534,1683300
2017-10-27,91.050003,92.080002,90.199997,91.989998,71.057220,2082900
2017-10-30,91.580002,92.320000,90.989998,91.019997,70.307930,1922900
2017-10-31,90.940002,91.440002,90.290001,91.080002,70.354294,1442200
2017-11-01,91.029999,92.650002,90.919998,92.300003,71.296654,2152200
2017-11-02,92.209999,93.599998,91.910004,93.459999,72.192696,1822800
2017-11-03,93.330002,94.419998,93.059998,93.580002,72.285385,1868100
2017-11-06,93.589996,94.949997,93.290001,94.430000,72.941978,1927100
2017-11-07,94.669998,94.870003,93.949997,94.570000,73.050110,1370900
2017-11-08,94.519997,94.669998,94.019997,94.550003,73.034683,2035400
2017-11-09,93.610001,94.629997,93.610001,94.419998,72.934250,1532600
2017-11-10,94.309998,94.510002,93.320000,93.660004,72.347198,1347800
2017-11-13,93.660004,94.209999,93.199997,93.320000,72.084557,1264000
2017-11-14,92.589996,93.389999,92.389999,92.830002,71.706070,1774800
2017-11-15,92.199997,93.059998,91.449997,92.570000,71.505211,1766000
2017-11-16,92.000000,92.739998,91.540001,92.459999,71.964447,2197900
2017-11-17,92.239998,93.190002,91.970001,92.650002,72.112335,1340700
2017-11-20,92.489998,92.980003,92.150002,92.620003,72.088974,919600
2017-11-21,92.930000,94.040001,92.860001,93.620003,72.867332,1509100
2017-11-22,93.669998,93.959999,92.699997,93.290001,72.610443,1414100
2017-11-24,93.330002,93.860001,93.290001,93.639999,72.882874,605700
2017-11-27,93.540001,93.639999,92.550003,92.809998,72.236862,2066200
2017-11-28,93.459999,94.220001,92.839996,94.050003,73.201988,1584200
2017-11-29,94.050003,95.040001,94.050003,94.910004,73.871361,2004100
2017-11-30,95.000000,97.690002,94.919998,97.559998,75.933929,3332600
2017-12-01,97.980003,98.160004,95.349998,97.570000,75.941719,2329600
2017-12-04,96.989998,99.349998,96.989998,97.529999,75.910576,1953800
2017-12-05,97.750000,99.349998,97.540001,98.269997,76.486549,1820200
2017-12-06,98.120003,98.620003,97.290001,97.589996,75.957283,1612400
2017-12-07,97.500000,98.290001,97.320000,97.860001,76.167419,1485700
2017-12-08,98.519997,99.870003,98.199997,99.550003,77.482803,2360000
2017-12-11,99.370003,100.250000,99.370003,99.720001,77.615120,1299500
2017-12-12,99.879997,100.129997,99.000000,99.070000,77.109207,1670400
2017-12-13,99.330002,100.389999,98.989998,99.989998,77.825256,1912700
2017-12-14,99.849998,100.459999,99.550003,99.550003,77.482803,1455900
2017-12-15,100.000000,100.410004,99.580002,99.919998,77.770798,2957300
2017-12-18,99.919998,100.419998,99.669998,99.980003,77.817505,1833000
2017-12-19,100.040001,100.139999,99.070000,99.139999,77.163689,1552300
2017-12-20,99.650002,100.980003,99.220001,100.720001,78.393456,2223100
2017-12-21,100.669998,100.839996,99.910004,100.080002,77.895317,2359900
2017-12-22,100.650002,101.279999,100.309998,100.889999,78.525772,1092600
2017-12-26,101.139999,101.809998,100.860001,101.639999,79.109512,900400
2017-12-27,101.809998,102.430000,101.269997,102.059998,79.436417,1226000
2017-12-28,102.099998,102.160004,101.419998,101.959999,79.358597,1258300
2017-12-29,102.250000,102.290001,101.150002,101.150002,78.728134,1267600
2018-01-02,101.660004,101.830002,101.070000,101.750000,79.195137,1222300
2018-01-03,101.449997,102.800003,101.410004,102.430000,79.724419,1351700
2018-01-04,102.400002,102.720001,101.820000,102.150002,79.506477,1110600
2018-01-05,102.199997,102.349998,101.639999,102.160004,79.514252,1752500
2018-01-08,102.500000,102.500000,101.459999,102.059998,79.436417,1236500
2018-01-09,101.900002,102.250000,101.370003,101.720001,79.171806,1537000
2018-01-10,101.919998,102.410004,101.300003,102.080002,79.451988,977500
2018-01-11,102.620003,102.620003,101.510002,102.370003,79.677704,1358600
2018-01-12,102.540001,105.089996,102.500000,104.970001,81.701363,1849300
2018-01-16,104.540001,104.889999,103.169998,103.500000,80.557213,2601200
2018-01-17,103.949997,106.910004,103.830002,106.160004,82.627571,2333400
2018-01-18,106.430000,106.430000,104.550003,105.290001,81.950455,1514000
2018-01-19,105.529999,105.650002,104.820000,105.629997,82.215065,1657500
2018-01-22,105.589996,106.820000,105.389999,106.660004,83.016747,1348000
2018-01-23,106.900002,107.339996,106.559998,106.900002,83.203529,1436500
2018-01-24,107.220001,107.470001,103.800003,104.629997,81.436729,1945300
2018-01-25,105.010002,105.330002,103.970001,104.169998,81.078674,1864000
2018-01-26,104.620003,106.919998,104.519997,106.589996,82.962257,2645100
2018-01-29,106.120003,106.440002,103.949997,104.250000,81.140953,2563500
2018-01-30,103.050003,103.690002,101.889999,102.279999,79.607658,2049800
2018-01-31,102.599998,102.949997,101.639999,102.400002,79.701065,3388700
2018-02-01,102.330002,102.989998,99.669998,100.860001,78.502434,3243600
2018-02-02,101.099998,101.099998,96.080002,97.010002,75.505852,4492300
2018-02-05,95.820000,99.570000,93.550003,95.209999,74.104843,4252500
2018-02-06,92.879997,97.000000,92.699997,96.879997,75.404655,2894200
2018-02-07,96.820000,98.089996,95.589996,95.610001,74.416183,2199700
2018-02-08,95.489998,95.519997,92.410004,92.440002,71.948868,2621100
2018-02-09,93.120003,94.129997,89.139999,92.599998,72.073387,2679300
2018-02-12,93.459999,94.769997,92.610001,93.589996,72.843956,1809000
2018-02-13,93.239998,94.290001,92.959999,93.760002,72.976288,1441200
2018-02-14,93.389999,93.809998,91.320000,93.330002,72.641594,4091300
2018-02-15,93.980003,94.400002,91.620003,92.769997,72.205734,2639600
2018-02-16,91.779999,92.919998,90.949997,91.989998,72.142990,2220500
2018-02-20,91.949997,92.580002,90.260002,90.989998,71.358719,2957100
2018-02-21,91.059998,91.529999,89.559998,89.580002,70.252945,2256700
2018-02-22,90.099998,91.199997,89.589996,90.129997,70.684273,2905600
2018-02-23,90.589996,91.860001,90.110001,91.830002,72.017502,2922000
2018-02-26,92.620003,93.230003,91.959999,92.519997,72.558632,3391100
2018-02-27,92.769997,93.750000,92.099998,92.120003,72.244926,3183100
2018-02-28,92.949997,93.040001,90.339996,90.370003,70.872490,3233800
2018-03-01,90.540001,91.919998,89.500000,90.870003,71.264626,3431900
2018-03-02,90.070000,91.639999,89.790001,91.370003,71.656761,1903800
2018-03-05,91.019997,93.220001,90.669998,93.059998,72.982140,2953300
2018-03-06,93.550003,94.309998,92.750000,93.930000,73.664429,2056500
2018-03-07,93.029999,95.040001,93.019997,94.220001,73.891869,1791400
2018-03-08,94.230003,95.230003,93.550003,95.190002,74.652588,2101300
2018-03-09,96.000000,96.290001,95.430000,95.910004,75.217247,1776400
2018-03-12,95.709999,96.250000,94.889999,94.989998,74.495720,1310600
2018-03-13,95.110001,96.120003,94.110001,94.550003,74.150665,1735500
2018-03-14,94.839996,95.309998,94.010002,94.209999,73.884010,1607800
2018-03-15,94.639999,95.180000,93.250000,94.459999,74.080078,2688200
2018-03-16,94.610001,96.019997,94.580002,95.790001,75.123116,3193400
2018-03-19,95.139999,95.449997,93.889999,94.400002,74.033028,1778400
2018-03-20,94.680000,95.900002,94.580002,95.099998,74.582008,2011800
2018-03-21,95.339996,96.980003,95.199997,96.150002,75.405464,1623300
2018-03-22,95.230003,96.220001,94.500000,94.699997,74.268303,1401500
2018-03-23,95.120003,96.169998,93.080002,93.389999,73.240929,1743600
2018-03-26,94.730003,96.110001,93.989998,96.000000,75.287827,1618800
2018-03-27,96.330002,97.290001,95.129997,95.709999,75.060402,1533100
2018-03-28,95.769997,96.570000,94.209999,94.330002,73.978127,2399200
2018-03-29,94.930000,96.500000,94.870003,95.919998,75.225067,1553000
2018-04-02,95.830002,96.209999,93.379997,94.949997,74.464348,1677600
2018-04-03,95.400002,96.300003,94.779999,96.180000,75.428978,1511100
2018-04-04,94.989998,96.230003,92.680000,95.989998,75.279984,2492100
2018-04-05,96.750000,98.260002,96.260002,97.769997,76.675934,1856800
2018-04-06,97.459999,97.889999,95.919998,96.970001,76.048553,2596300
2018-04-09,97.330002,98.690002,97.000000,97.739998,76.652412,1401200
2018-04-10,99.110001,100.860001,98.870003,100.250000,78.620880,1825300
2018-04-11,99.949997,102.919998,99.949997,102.550003,80.424660,2247500
2018-04-12,102.779999,103.279999,101.900002,102.629997,80.487373,2031600
2018-04-13,103.279999,104.190002,102.709999,103.739998,81.357895,1496600
2018-04-16,104.269997,107.239998,104.169998,106.820000,83.773407,2142000
2018-04-17,107.339996,108.290001,106.440002,107.860001,84.589005,2087300
2018-04-18,108.339996,110.089996,108.309998,108.889999,85.396790,2488400
2018-04-19,109.059998,110.849998,108.199997,110.639999,86.769211,3075300
2018-04-20,110.410004,111.309998,109.730003,110.989998,87.043694,3155400
2018-04-23,110.980003,111.470001,109.790001,111.449997,87.404427,1958600
2018-04-24,111.949997,113.269997,108.809998,109.230003,85.663422,3092900
2018-04-25,108.570000,110.040001,107.519997,109.790001,86.102608,2043200
2018-04-26,110.239998,112.889999,109.519997,112.519997,88.243599,2819500
2018-04-27,110.760002,111.970001,109.699997,111.339996,87.318184,2062800
2018-04-30,111.879997,113.320000,111.190002,111.309998,87.294670,3310300
2018-05-01,111.669998,111.989998,110.330002,111.849998,87.718147,3783500
2018-05-02,111.440002,115.470001,111.349998,114.519997,89.812096,3452700
2018-05-03,114.099998,115.610001,112.930000,115.589996,90.651237,3096500
2018-05-04,115.699997,115.800003,114.440002,115.610001,90.666908,2526400
2018-05-07,115.949997,117.989998,115.320000,115.410004,90.510078,2631500
2018-05-08,115.400002,116.360001,113.690002,116.250000,91.168854,3056800
2018-05-09,117.000000,118.589996,116.559998,117.500000,92.149147,3148100
2018-05-10,118.150002,118.389999,117.180000,117.959999,92.509911,1969600
2018-05-11,118.129997,118.459999,117.370003,117.760002,92.353050,1851400
2018-05-14,118.250000,119.160004,117.870003,118.290001,92.768723,2355200
2018-05-15,118.000000,118.720001,117.480003,118.320000,92.792244,1921700
2018-05-16,117.919998,118.250000,116.139999,118.160004,92.666763,2034300
2018-05-17,118.769997,122.379997,118.250000,121.870003,95.576309,3571800
2018-05-18,121.169998,121.339996,119.629997,120.330002,94.992142,3423500
2018-05-21,121.000000,121.599998,120.339996,121.440002,95.868416,2065000
2018-05-22,121.470001,121.709999,117.769997,118.750000,93.744865,2780600
2018-05-23,117.989998,119.440002,117.309998,118.949997,93.902710,2507700
2018-05-24,118.000000,119.750000,117.389999,118.820000,93.800087,1630700
2018-05-25,116.959999,117.309998,114.400002,115.599998,91.258148,1941700
2018-05-29,116.360001,118.160004,115.699997,116.809998,92.213341,2961500
2018-05-30,118.239998,119.760002,117.360001,119.180000,94.084290,3583000
2018-05-31,119.190002,120.300003,116.430000,116.489998,91.960732,5907100
2018-06-01,117.389999,119.169998,116.750000,119.000000,93.942177,2757000
2018-06-04,119.400002,120.800003,118.589996,119.199997,94.100082,2979100
2018-06-05,119.000000,119.470001,117.650002,118.830002,93.808014,2369800
2018-06-06,118.779999,119.139999,116.209999,116.650002,92.087044,2413000
2018-06-07,117.290001,117.870003,116.510002,117.440002,92.710693,2478300
2018-06-08,117.120003,117.400002,116.250000,116.839996,92.237061,2220600
2018-06-11,116.940002,117.800003,115.949997,117.019997,92.379128,2225200
2018-06-12,116.699997,116.959999,115.309998,115.550003,91.218658,2471100
2018-06-13,115.550003,116.489998,113.839996,115.750000,91.376572,2973000
2018-06-14,116.610001,117.000000,115.349998,115.550003,91.218658,2464100
2018-06-15,115.120003,116.070000,113.839996,114.300003,90.231865,3483900
2018-06-18,114.250000,115.790001,113.940002,114.940002,90.737114,2654200
2018-06-19,113.680000,115.160004,113.400002,114.580002,90.452934,1997000
2018-06-20,115.169998,115.230003,113.279999,114.589996,90.460800,2317000
2018-06-21,113.980003,114.500000,110.970001,111.449997,87.981987,2481200
2018-06-22,113.410004,114.489998,111.820000,112.019997,88.431976,2965800
2018-06-25,111.940002,112.000000,109.720001,110.449997,87.192589,1799800
2018-06-26,110.790001,111.989998,110.650002,110.809998,87.476761,1878400
2018-06-27,111.370003,112.470001,110.459999,110.709999,87.397835,1831700
2018-06-28,110.760002,112.199997,109.910004,111.739998,88.210953,1723200
2018-06-29,112.269997,113.489998,112.080002,112.309998,88.660912,1928000
2018-07-02,111.750000,112.220001,110.139999,110.610001,87.318886,2516500
2018-07-03,111.910004,112.190002,110.080002,110.510002,87.239944,1248900
2018-07-05,111.580002,111.720001,109.610001,110.150002,86.955742,2070800
2018-07-06,109.699997,111.809998,109.070000,111.180000,87.768845,1561300
2018-07-09,111.550003,112.980003,111.370003,112.589996,88.881966,1608800
2018-07-10,113.050003,114.610001,112.820000,113.190002,89.355614,1867900
2018-07-11,112.529999,112.680000,110.160004,110.660004,87.358360,1433500
2018-07-12,111.110001,111.550003,109.739998,111.139999,87.737282,1249300
2018-07-13,111.000000,112.339996,110.849998,111.809998,88.266190,1563300
2018-07-16,111.589996,112.250000,111.199997,111.320000,87.879387,1795100
2018-07-17,111.110001,111.580002,110.190002,111.059998,87.674126,2062000
2018-07-18,110.760002,111.489998,109.680000,110.900002,87.547821,2561700
2018-07-19,110.959999,111.489998,110.449997,110.900002,87.547821,2333100
2018-07-20,110.849998,111.220001,110.309998,110.360001,87.121521,2334800
2018-07-23,111.029999,111.370003,110.099998,110.440002,87.184662,1568000
2018-07-24,110.889999,111.989998,110.459999,111.220001,87.800423,2163000
2018-07-25,111.550003,112.589996,111.129997,112.349998,88.692490,1671100
2018-07-26,112.480003,116.150002,112.480003,116.000000,91.573906,3212100
2018-07-27,117.790001,120.360001,116.769997,118.790001,93.776443,3715600
2018-07-30,119.570000,122.709999,119.570000,122.150002,96.428894,3985900
2018-07-31,122.599998,123.879997,122.410004,123.339996,97.368317,3831100
2018-08-01,122.550003,123.919998,121.849998,123.010002,97.107819,2679300
2018-08-02,122.080002,122.690002,120.800003,122.050003,96.349968,2627000
2018-08-03,121.989998,122.419998,120.410004,121.660004,96.042091,1692000
2018-08-06,121.720001,123.029999,121.029999,122.540001,96.736786,1542600
2018-08-07,122.989998,123.970001,122.400002,122.720001,96.878876,2058100
2018-08-08,122.440002,123.089996,121.910004,122.980003,97.084145,1411600
2018-08-09,123.089996,123.480003,121.889999,122.180000,96.452591,1897600
2018-08-10,121.730003,122.750000,121.709999,122.589996,96.776260,1847400
2018-08-13,122.849998,123.449997,121.500000,121.570000,95.971024,1989100
2018-08-14,121.930000,122.000000,120.129997,120.940002,95.473701,2703100
2018-08-15,120.089996,120.089996,115.269997,115.379997,91.084465,3985400
2018-08-16,115.769997,115.980003,114.839996,114.940002,90.737114,2747800
2018-08-17,115.330002,115.720001,114.589996,115.440002,91.131828,1774000
2018-08-20,114.690002,116.820000,114.400002,116.080002,92.276543,2461600
2018-08-21,116.580002,117.800003,115.779999,116.510002,92.618370,2479700
2018-08-22,117.029999,117.970001,116.650002,117.019997,93.023781,3889800
2018-08-23,116.930000,118.410004,116.290001,118.370003,94.096954,2062700
2018-08-24,118.610001,120.010002,118.349998,119.250000,94.796509,2959200
2018-08-27,119.739998,120.370003,119.419998,120.029999,95.416557,2328800
2018-08-28,120.250000,121.550003,119.629997,119.750000,95.193970,2237200
2018-08-29,120.050003,121.010002,119.239998,120.440002,95.742470,1956700
2018-08-30,120.750000,120.889999,118.540001,119.550003,95.035004,1847300
2018-08-31,118.910004,119.419998,117.110001,118.510002,94.208244,2575200
2018-09-04,118.610001,120.239998,118.269997,118.959999,94.565964,2477400
2018-09-05,118.660004,118.660004,117.010002,117.989998,93.794868,2324700
2018-09-06,117.529999,118.900002,116.580002,116.699997,92.769417,1943500
2018-09-07,116.150002,116.209999,113.419998,114.300003,90.861534,3032400
2018-09-10,114.650002,115.000000,113.889999,113.949997,90.583305,2543800
2018-09-11,112.120003,113.199997,111.580002,112.550003,89.470406,3772500
2018-09-12,113.269997,114.449997,111.660004,112.160004,89.160385,3762800
2018-09-13,112.440002,113.389999,111.529999,113.019997,89.844032,3368500
2018-09-14,112.970001,114.099998,112.970001,113.599998,90.305084,2774300
2018-09-17,113.650002,114.019997,112.739998,112.809998,89.677094,2773400
2018-09-18,113.410004,114.059998,113.029999,113.300003,90.066628,2521000
2018-09-19,113.120003,113.120003,109.209999,109.360001,86.934563,2934800
2018-09-20,109.860001,110.849998,108.849998,110.330002,87.705635,3175700
2018-09-21,109.889999,111.949997,109.709999,111.660004,88.762901,5963200
2018-09-24,112.199997,113.889999,111.690002,113.459999,90.193802,2757500
2018-09-25,113.989998,115.900002,113.809998,114.879997,91.322609,2819800
2018-09-26,114.919998,115.040001,113.169998,113.889999,90.535606,2692800
2018-09-27,114.250000,114.849998,112.839996,112.879997,89.732735,1943900
2018-09-28,112.000000,113.629997,111.580002,112.720001,89.605553,2540000
2018-10-01,113.250000,114.930000,113.250000,114.480003,91.004639,2021600
2018-10-02,114.639999,115.300003,112.739998,114.690002,91.171577,2884700
2018-10-03,115.099998,118.580002,114.580002,118.470001,94.176453,3310000
2018-10-04,118.349998,118.860001,116.709999,117.699997,93.564339,2576400
2018-10-05,117.980003,118.779999,117.139999,118.370003,94.096954,2572200
2018-10-08,117.900002,118.470001,117.070000,118.139999,93.914116,2306300
2018-10-09,118.089996,119.139999,117.110001,117.680000,93.548439,2263600
2018-10-10,117.750000,118.099998,112.940002,113.050003,89.867882,2576500
2018-10-11,112.500000,112.599998,109.160004,109.459999,87.014030,3565200
2018-10-12,110.870003,111.330002,107.900002,109.459999,87.014030,3078200
2018-10-15,109.449997,109.510002,107.199997,107.209999,85.225426,2670600
2018-10-16,108.190002,109.930000,107.949997,109.860001,87.332016,2644000
2018-10-17,109.940002,110.650002,108.419998,108.779999,86.473480,2214700
2018-10-18,108.010002,110.089996,107.709999,109.120003,86.743759,1841100
2018-10-19,105.620003,106.860001,102.080002,102.769997,81.695900,4013500
2018-10-22,103.260002,103.800003,101.099998,103.150002,81.997978,4927100
2018-10-23,101.089996,101.389999,97.930000,99.800003,79.334953,3292200
2018-10-24,99.989998,99.989998,95.050003,95.300003,75.757690,3379100
2018-10-25,96.760002,99.660004,96.559998,98.489998,78.293564,4015800
2018-10-26,101.449997,103.790001,95.300003,99.449997,79.056702,5267700
2018-10-29,100.209999,102.029999,97.290001,98.519997,78.317398,2752000
2018-10-30,99.379997,102.250000,99.370003,102.059998,81.131493,2554400
2018-10-31,103.120003,104.599998,102.410004,102.820000,81.735649,2688200
2018-11-01,102.639999,103.349998,101.199997,102.500000,81.481277,2147700
2018-11-02,103.050003,103.570000,98.529999,99.010002,78.706917,2726700
2018-11-05,100.199997,101.150002,99.639999,100.519997,79.907272,2226600
2018-11-06,100.519997,100.959999,99.599998,100.879997,80.193459,2185200
2018-11-07,102.180000,103.480003,101.379997,103.120003,81.974129,4212300
2018-11-08,102.739998,103.070000,97.889999,98.669998,78.436646,2989400
2018-11-09,97.839996,100.339996,97.290001,99.739998,79.287239,2096700
2018-11-12,100.389999,100.930000,97.519997,97.669998,77.641708,1677300
2018-11-13,97.290001,98.239998,94.669998,94.800003,75.360229,2990200
2018-11-14,96.480003,97.559998,94.349998,95.599998,75.996193,2933400
2018-11-15,95.000000,96.400002,94.570000,96.230003,76.497025,2618000
2018-11-16,96.290001,97.779999,95.839996,96.610001,77.442894,3468800
2018-11-19,96.129997,96.610001,93.720001,94.900002,76.072166,1987200
2018-11-20,93.459999,94.440002,92.080002,92.540001,74.180374,4553500
2018-11-21,93.190002,94.480003,92.019997,93.650002,75.070152,2447400
2018-11-23,91.690002,91.989998,88.989998,89.000000,71.342674,2169900
2018-11-26,90.389999,92.190002,90.230003,92.070000,73.803612,3324200
2018-11-27,91.699997,91.930000,90.709999,91.260002,73.154320,2675900
2018-11-28,91.820000,92.730003,90.000000,92.629997,74.252495,3525700
2018-11-29,93.000000,93.830002,92.360001,92.680000,74.292595,2290800
2018-11-30,92.239998,93.610001,91.580002,93.519997,74.965950,4393700
2018-12-03,93.830002,95.949997,90.510002,92.089996,73.819649,5780700
2018-12-04,92.629997,93.849998,91.230003,91.400002,73.266541,3191800
2018-12-06,89.800003,92.680000,89.070000,92.599998,74.228470,4165300
2018-12-07,93.389999,95.010002,89.879997,90.349998,72.424850,3880700
2018-12-10,89.500000,90.470001,86.620003,88.839996,71.214439,2610800
2018-12-11,89.680000,90.620003,87.419998,88.419998,70.877762,2535900
2018-12-12,89.839996,90.879997,88.970001,89.250000,71.543106,2570700
2018-12-13,89.209999,89.860001,87.620003,88.830002,71.206421,3040700
2018-12-14,88.320000,90.080002,86.470001,86.830002,69.603210,2867100
2018-12-17,86.820000,87.000000,84.870003,85.860001,68.825645,4396800
2018-12-18,86.309998,87.209999,84.290001,84.730003,67.919838,2708700
2018-12-19,85.269997,88.199997,84.160004,85.160004,68.264519,3893400
2018-12-20,84.379997,86.440002,82.339996,82.779999,66.356720,4929700
2018-12-21,82.459999,84.000000,81.639999,82.379997,66.036072,5015200
2018-12-24,81.589996,81.750000,78.440002,78.500000,62.925854,2322100
2018-12-26,79.010002,84.250000,78.930000,84.199997,67.494972,3493300
2018-12-27,82.949997,85.870003,82.699997,85.820000,68.793602,2737800
2018-12-28,86.250000,86.879997,84.470001,84.959999,68.104210,2248900
2018-12-31,85.430000,86.260002,84.610001,86.150002,69.058128,2580600
2019-01-02,85.320000,88.440002,85.000000,88.120003,70.637260,3147800
2019-01-03,88.180000,88.459999,85.099998,86.900002,69.659317,3182000
2019-01-04,88.449997,91.150002,87.949997,90.839996,72.817627,3307200
2019-01-07,90.610001,92.459999,89.559998,91.470001,73.322647,3474000
2019-01-08,92.290001,92.570000,90.169998,91.389999,73.258522,2357300
2019-01-09,92.300003,92.589996,90.320000,91.989998,73.739487,2588600
2019-01-10,91.750000,92.989998,90.370003,92.940002,74.501007,2323700
2019-01-11,92.250000,93.690002,91.870003,92.690002,74.300598,2102600
2019-01-14,91.790001,93.150002,91.320000,92.830002,74.412834,2178600
2019-01-15,93.459999,93.730003,91.940002,92.449997,74.108223,1953500
2019-01-16,92.120003,93.370003,91.860001,92.989998,74.541084,2316100
2019-01-17,92.540001,94.129997,92.309998,93.419998,74.885796,3069200
2019-01-18,94.320000,95.760002,92.900002,95.300003,76.392776,4014900
2019-01-22,94.610001,95.400002,92.820000,93.000000,74.549110,4733500
2019-01-23,93.290001,93.790001,92.209999,92.629997,74.252495,2542400
2019-01-24,92.500000,93.029999,91.330002,91.330002,73.210442,3194000
2019-01-25,92.250000,93.620003,91.610001,93.019997,74.565125,2044800
2019-01-28,92.000000,93.050003,91.910004,92.500000,74.148300,2349500
2019-01-29,92.730003,93.690002,91.889999,93.349998,74.829666,2056500
2019-01-30,94.040001,95.250000,93.650002,94.529999,75.775543,3093300
2019-01-31,96.099998,96.599998,95.070000,95.410004,76.480980,4044500
2019-02-01,95.570000,95.949997,93.410004,94.209999,75.519043,2618100
2019-02-04,93.800003,94.760002,93.209999,94.760002,75.959930,2758500
2019-02-05,94.760002,95.540001,94.400002,95.169998,76.288582,2849300
2019-02-06,94.650002,95.440002,94.339996,94.419998,75.687386,3127800
2019-02-07,94.410004,95.209999,91.360001,91.739998,73.539085,5291500
2019-02-08,94.919998,95.169998,91.720001,93.519997,74.965950,4248400
2019-02-11,92.989998,95.349998,92.870003,94.230003,75.535072,4229500
2019-02-12,95.250000,95.489998,93.910004,94.000000,75.350700,2486000
2019-02-13,94.269997,96.330002,94.089996,96.120003,77.050117,2627100
2019-02-14,95.570000,96.230003,95.089996,95.650002,76.673340,2701500
2019-02-15,96.000000,96.750000,95.209999,95.989998,77.594879,2647300
2019-02-19,95.440002,96.959999,95.389999,96.750000,78.209244,2108000
2019-02-20,96.750000,98.129997,96.070000,97.449997,78.775093,3586900
2019-02-21,97.279999,98.269997,96.400002,96.809998,78.257744,2054000
2019-02-22,97.779999,98.099998,97.000000,97.360001,78.702347,2102500
2019-02-25,97.150002,97.699997,97.010002,97.290001,78.645775,1661000
2019-02-26,97.330002,98.290001,97.180000,97.839996,79.090363,2274400
2019-02-27,98.099998,98.839996,97.330002,97.639999,78.928665,1881900
2019-02-28,97.930000,98.059998,95.940002,96.360001,77.893997,2351200
2019-03-01,96.820000,97.860001,96.459999,97.480003,78.799347,2879000
2019-03-04,98.410004,98.410004,95.650002,97.279999,78.637703,2386200
2019-03-05,97.470001,97.889999,96.820000,97.459999,78.783188,2511900
2019-03-06,97.459999,98.760002,97.040001,97.599998,78.896370,2644600
2019-03-07,97.580002,97.709999,95.889999,96.449997,77.966728,3638000
2019-03-08,95.260002,95.449997,93.839996,94.309998,76.236839,3334100
2019-03-11,95.139999,96.800003,94.820000,96.669998,78.144585,2257400
2019-03-12,97.040001,98.239998,96.750000,97.389999,78.726593,2362600
2019-03-13,98.050003,98.349998,97.379997,98.080002,79.284378,2294500
2019-03-14,98.250000,98.669998,97.650002,98.470001,79.599632,1663000
2019-03-15,98.000000,99.800003,97.900002,98.519997,79.640053,3785800
2019-03-18,98.599998,99.269997,97.750000,98.720001,79.801720,2530800
2019-03-19,99.290001,100.410004,98.559998,98.889999,79.939140,2932600
2019-03-20,98.639999,99.309998,97.849998,98.180000,79.365204,3292600
2019-03-21,98.040001,99.139999,97.870003,98.550003,79.664307,2124000
2019-03-22,97.720001,97.980003,95.480003,95.980003,77.586800,1856900
2019-03-25,95.760002,95.970001,94.930000,95.860001,77.489799,1357500
2019-03-26,96.660004,98.309998,96.660004,98.019997,79.235863,2284700
2019-03-27,97.750000,98.290001,96.970001,97.269997,78.629593,1657400
2019-03-28,96.809998,97.269997,95.160004,95.669998,77.336212,2524800
2019-03-29,96.610001,96.910004,94.480003,95.169998,76.932030,2900400
2019-04-01,96.010002,96.290001,94.660004,95.070000,76.851204,2635300
2019-04-02,95.339996,95.779999,93.870003,94.519997,76.406593,2594800
2019-04-03,94.959999,96.370003,94.830002,95.040001,76.826942,2096100
2019-04-04,95.559998,96.870003,94.570000,96.860001,78.298180,2146800
2019-04-05,96.839996,98.120003,96.330002,97.790001,79.049950,2705200
2019-04-08,97.879997,98.860001,97.209999,98.300003,79.462212,2332400
2019-04-09,97.639999,98.239998,96.959999,97.370003,78.710434,2352800
2019-04-10,97.900002,99.339996,97.639999,98.610001,79.712807,1792100
2019-04-11,98.769997,99.660004,98.160004,98.510002,79.631966,1486200
2019-04-12,99.559998,99.730003,96.959999,97.169998,78.548752,2223700
2019-04-15,96.839996,97.160004,96.040001,96.239998,77.796982,1934400
2019-04-16,96.150002,96.360001,94.620003,95.980003,77.586800,1829600
2019-04-17,96.660004,97.209999,95.940002,96.459999,77.974815,1591600
2019-04-18,96.459999,96.750000,94.849998,95.419998,77.134117,2400100
2019-04-22,96.190002,97.379997,95.830002,97.139999,78.524521,1927300
2019-04-23,97.379997,97.919998,96.589996,97.400002,78.734680,2461000
2019-04-24,97.360001,97.360001,94.040001,94.279999,76.212585,2974100
2019-04-25,94.150002,96.040001,93.529999,95.220001,76.972443,2745400
2019-04-26,94.849998,95.529999,94.000000,94.919998,76.729942,2091500
2019-04-29,95.250000,95.919998,94.879997,95.360001,77.085617,2651200
2019-04-30,95.500000,96.639999,93.650002,94.269997,76.204498,3303300
2019-05-01,94.250000,94.889999,91.779999,91.839996,74.240173,3350700
2019-05-02,91.750000,91.959999,88.870003,89.099998,72.025253,3708800
2019-05-03,89.889999,90.570000,89.529999,89.559998,72.397095,2811100
2019-05-06,88.320000,88.699997,86.980003,87.029999,70.351952,3427500
2019-05-07,86.400002,86.660004,84.849998,86.550003,69.963921,3421700
2019-05-08,86.669998,87.000000,85.480003,85.900002,69.438492,3095300
2019-05-09,85.459999,86.059998,83.720001,85.750000,69.317230,3393700
2019-05-10,85.760002,87.120003,84.550003,86.650002,70.044769,3094900
2019-05-13,85.599998,86.610001,84.730003,85.790001,69.349579,3065600
2019-05-14,86.139999,87.400002,86.050003,86.919998,70.263039,2450300
2019-05-15,86.709999,87.650002,86.150002,87.300003,70.570206,2059900
2019-05-16,87.500000,88.769997,87.500000,88.300003,71.378578,2645700
2019-05-17,86.559998,86.739998,84.720001,84.809998,69.263359,2562400
2019-05-20,84.629997,85.669998,84.300003,84.519997,69.026497,2106500
2019-05-21,84.699997,86.599998,84.680000,86.160004,70.365875,2722600
2019-05-22,85.730003,86.290001,85.300003,85.599998,69.908524,2111600
2019-05-23,84.300003,84.349998,82.010002,82.269997,67.188942,3020000
2019-05-24,83.010002,83.720001,82.239998,82.940002,67.736145,2661600
2019-05-28,82.930000,83.260002,82.360001,82.519997,67.393143,3105100
2019-05-29,81.760002,82.790001,81.550003,82.750000,67.580971,2232000
2019-05-30,82.419998,83.019997,81.330002,82.059998,67.017448,2449600
2019-05-31,80.739998,81.769997,80.239998,80.800003,65.988419,2785000
2019-06-03,80.919998,82.269997,80.599998,82.199997,67.131775,3144800
2019-06-04,83.169998,84.239998,83.129997,84.120003,68.699837,2781800
2019-06-05,84.669998,84.879997,82.800003,84.830002,69.279686,3097000
2019-06-06,84.769997,85.949997,83.919998,84.900002,69.336838,2837200
2019-06-07,85.349998,85.940002,84.480003,85.519997,69.843185,2623700
2019-06-10,85.800003,86.769997,85.669998,85.900002,70.153526,3026700
2019-06-11,86.559998,87.190002,84.709999,84.709999,69.181679,2736700
2019-06-12,84.339996,85.410004,82.940002,83.250000,67.989319,3232800
2019-06-13,84.089996,85.739998,84.019997,85.239998,69.614510,3029700
2019-06-14,85.220001,85.879997,84.599998,85.589996,69.900352,1830500
2019-06-17,85.489998,86.489998,85.489998,85.910004,70.161697,2003400
2019-06-18,86.339996,87.709999,86.339996,86.800003,70.888557,2336600
2019-06-19,86.919998,87.980003,86.349998,87.599998,71.541908,2901700
2019-06-20,89.070000,91.279999,88.599998,90.830002,74.179802,4082600
2019-06-21,91.400002,91.919998,90.000000,90.580002,73.975639,6129800
2019-06-24,90.360001,91.239998,89.339996,89.760002,73.305954,2360800
2019-06-25,89.419998,90.599998,89.059998,89.830002,73.363121,3343800
2019-06-26,91.000000,93.510002,90.529999,92.760002,75.756020,3816200
2019-06-27,92.660004,92.949997,91.540001,91.750000,74.931160,2086400
2019-06-28,92.129997,93.639999,92.010002,93.540001,76.393028,4442600
2019-07-01,94.860001,95.330002,93.620003,94.059998,76.817703,2668700
2019-07-02,93.720001,96.150002,93.059998,95.720001,78.173409,4112200
2019-07-03,96.000000,97.040001,95.860001,97.019997,79.235100,2035500
2019-07-05,96.680000,97.349998,95.680000,96.800003,79.055450,1956000
2019-07-08,96.550003,98.540001,96.550003,96.959999,79.186096,3044500
2019-07-09,96.989998,98.339996,96.589996,97.720001,79.806793,2369900
2019-07-10,98.220001,98.959999,97.510002,98.110001,80.125298,1954600
2019-07-11,98.660004,99.650002,97.959999,99.589996,81.333992,2446600
2019-07-12,99.250000,100.650002,99.250000,100.330002,81.938339,1842400
2019-07-15,100.349998,101.150002,99.389999,101.010002,82.493706,3089500
2019-07-16,101.000000,101.769997,99.809998,101.379997,82.795853,2625600
2019-07-17,101.389999,102.040001,100.279999,100.790001,82.314026,2254400
2019-07-18,100.199997,101.930000,99.830002,101.919998,83.236870,2468000
2019-07-19,102.330002,102.870003,101.800003,101.959999,83.269547,3972900
2019-07-22,102.610001,103.150002,101.529999,102.550003,83.751389,1966800
2019-07-23,103.000000,103.260002,101.980003,102.320000,83.563545,1873800
2019-07-24,102.040001,102.820000,101.360001,102.419998,83.645218,2924400
2019-07-25,102.709999,102.839996,99.980003,101.570000,82.951057,3649000
2019-07-26,102.349998,102.639999,100.470001,102.320000,83.563545,2267300
2019-07-29,101.910004,103.220001,101.330002,102.809998,83.963730,2275200
2019-07-30,102.360001,103.650002,101.589996,103.610001,84.617073,1465900
2019-07-31,103.629997,104.459999,101.480003,102.559998,83.759567,2415900
2019-08-01,101.949997,103.599998,101.410004,101.989998,83.294037,2153200
2019-08-02,101.760002,101.900002,99.430000,99.519997,81.276817,2075600
2019-08-05,97.900002,98.349998,94.989998,95.639999,78.108070,3034800
2019-08-06,96.559998,97.540001,96.040001,97.410004,79.553612,2164500
2019-08-07,95.629997,97.730003,95.059998,97.330002,79.488281,2349800
2019-08-08,98.309998,100.739998,97.879997,100.709999,82.248672,2311900
2019-08-09,100.529999,100.959999,99.559998,100.440002,82.028183,2005600
2019-08-12,100.070000,100.139999,97.809998,98.309998,80.288628,1967400
2019-08-13,97.919998,101.150002,97.099998,99.739998,81.456512,2267800
2019-08-14,97.610001,98.699997,97.129997,97.529999,79.651619,2529800
2019-08-15,97.919998,98.449997,96.379997,97.470001,79.602608,2089900
2019-08-16,98.040001,99.099998,97.669998,98.830002,80.713310,2118400
2019-08-19,99.290001,99.720001,98.099998,98.760002,81.397400,2747900
2019-08-20,98.800003,99.690002,98.059998,98.680000,81.331467,1904500
2019-08-21,99.610001,100.000000,98.279999,99.300003,81.842453,1988300
2019-08-22,99.250000,99.930000,98.209999,98.459999,81.150131,1946100
2019-08-23,97.480003,98.870003,94.730003,95.180000,78.446777,3305100
2019-08-26,96.029999,96.400002,95.099998,96.309998,79.378113,1568100
2019-08-27,96.980003,97.489998,94.349998,94.519997,77.902809,2586000
2019-08-28,94.540001,96.860001,94.540001,96.169998,79.262741,2318100
2019-08-29,97.110001,98.459999,97.040001,98.120003,80.869919,2372500
2019-08-30,98.669998,99.750000,98.129997,98.629997,81.290230,1932500
2019-09-03,97.279999,99.610001,97.029999,99.470001,81.982582,2140100
2019-09-04,100.339996,100.610001,99.110001,99.690002,82.163887,1664100
2019-09-05,100.599998,101.500000,99.750000,99.800003,82.254555,2668700
2019-09-06,100.129997,101.379997,99.419998,100.910004,83.169403,2117500
2019-09-09,101.550003,102.739998,101.010002,102.169998,84.207886,2396100
2019-09-10,102.419998,103.910004,102.250000,102.959999,84.858994,2367200
2019-09-11,103.290001,104.220001,102.099998,102.470001,84.455154,1924500
2019-09-12,101.440002,102.610001,100.699997,102.190002,84.224373,1868500
2019-09-13,102.930000,103.430000,102.089996,102.769997,84.702408,1688400
2019-09-16,102.110001,105.000000,102.019997,104.029999,85.740898,4654400
2019-09-17,103.730003,103.930000,101.959999,102.199997,84.232613,2464500
2019-09-18,101.650002,103.150002,101.150002,102.989998,84.883728,1814700
2019-09-19,103.470001,103.989998,102.589996,103.080002,84.957909,1332700
2019-09-20,103.419998,104.040001,102.870003,103.269997,85.114494,9381800
2019-09-23,103.010002,104.820000,103.010002,104.260002,85.930481,2413000
2019-09-24,104.199997,104.389999,102.330002,103.620003,85.402977,2599700
2019-09-25,103.389999,105.519997,102.900002,105.059998,86.589806,3043400
2019-09-26,104.629997,105.050003,103.110001,104.559998,86.177711,1762600
2019-09-27,104.809998,105.480003,102.980003,103.660004,85.435944,2297000
2019-09-30,103.400002,103.949997,102.339996,102.400002,84.397461,1801600
2019-10-01,103.160004,103.510002,100.830002,101.029999,83.268318,1897900
2019-10-02,100.400002,100.459999,97.199997,98.239998,80.968796,2066700
2019-10-03,97.760002,98.889999,96.949997,98.870003,81.488052,1639800
2019-10-04,99.269997,100.980003,99.209999,100.860001,83.128204,2097300
2019-10-07,101.260002,102.250000,100.730003,101.360001,83.540306,2377200
2019-10-08,100.879997,101.550003,100.389999,100.820000,83.095238,1904300
2019-10-09,101.959999,103.570000,101.760002,102.709999,84.652962,1827300
2019-10-10,103.620003,106.709999,103.449997,106.599998,87.859070,3782100
2019-10-11,107.000000,108.199997,106.419998,106.529999,87.801384,2388900
2019-10-14,106.000000,107.190002,105.779999,106.650002,87.900284,1409000
2019-10-15,106.500000,108.120003,106.160004,107.300003,88.436012,1606400
2019-10-16,106.790001,107.769997,105.940002,106.260002,87.578850,1865400
2019-10-17,107.000000,107.260002,106.389999,107.209999,88.361824,1767600
2019-10-18,107.000000,107.980003,106.709999,107.199997,88.353584,3015900
2019-10-21,108.000000,108.570000,107.570000,108.199997,89.177773,1638800
2019-10-22,108.690002,109.830002,108.070000,108.769997,89.647575,1571400
2019-10-23,108.769997,109.199997,108.330002,109.000000,89.837143,2329600
2019-10-24,109.510002,110.970001,109.180000,110.629997,91.180565,3471800
2019-10-25,112.230003,117.000000,111.900002,114.419998,94.304268,6245900
2019-10-28,115.000000,118.919998,115.000000,117.250000,96.636726,4706800
2019-10-29,116.489998,119.779999,116.349998,118.959999,98.046104,3838400
2019-10-30,119.220001,119.220001,116.160004,116.449997,95.977371,2286700
2019-10-31,116.650002,117.239998,114.900002,116.820000,96.282326,3940600
2019-11-01,117.629997,118.589996,117.400002,118.400002,97.584564,2248800
2019-11-04,119.470001,119.559998,117.610001,118.540001,97.699944,2031600
2019-11-05,119.000000,119.889999,117.839996,118.919998,98.013138,2268900
2019-11-06,119.180000,119.389999,117.760002,118.419998,97.601059,2130300
2019-11-07,119.150002,119.790001,118.400002,119.570000,98.548866,2386400
2019-11-08,118.889999,119.919998,118.099998,119.699997,98.656013,1577600
2019-11-11,118.650002,119.820000,118.349998,118.410004,97.592812,1634300
2019-11-12,118.860001,119.570000,117.559998,118.099998,97.337311,2178400
2019-11-13,117.349998,118.919998,117.120003,118.430000,97.609291,1542200
2019-11-14,118.650002,119.580002,118.379997,119.440002,98.441734,1507500
2019-11-15,119.209999,119.209999,117.820000,118.360001,98.292252,1636700
2019-11-18,118.150002,118.669998,117.529999,118.650002,98.533073,1365000
2019-11-19,117.860001,118.959999,117.029999,117.419998,97.511604,2781500
2019-11-20,117.269997,117.269997,114.440002,116.059998,96.382202,4337000
2019-11-21,116.360001,118.680000,115.900002,118.370003,98.300545,2401300
2019-11-22,118.879997,118.919998,116.199997,116.629997,96.855560,2261000
2019-11-25,117.000000,117.000000,115.169998,115.419998,95.850708,2758900
2019-11-26,115.529999,115.760002,114.050003,114.330002,94.945518,4118100
2019-11-27,114.930000,115.320000,114.040001,114.690002,95.244492,2290500
2019-11-29,114.419998,115.139999,114.169998,114.720001,95.269409,1105700
2019-12-02,114.870003,116.059998,114.059998,114.330002,94.945518,2418300
2019-12-03,113.680000,113.680000,112.419998,112.750000,93.633415,4128900
2019-12-04,113.540001,114.000000,112.430000,112.570000,93.483925,2128900
2019-12-05,112.779999,113.209999,112.169998,112.540001,93.459030,1688600
2019-12-06,113.059998,114.320000,112.949997,113.559998,94.306061,2142600
2019-12-09,113.199997,113.279999,111.849998,111.959999,92.977364,1585300
2019-12-10,112.300003,112.570000,111.690002,111.930000,92.952446,2215800
2019-12-11,111.940002,112.650002,111.480003,112.209999,93.184967,1652500
2019-12-12,112.129997,113.970001,111.919998,113.730003,94.447243,1618800
2019-12-13,113.879997,114.660004,112.699997,112.989998,93.832710,1621900
2019-12-16,113.139999,114.629997,112.790001,114.139999,94.787727,2097700
2019-12-17,114.160004,114.949997,112.709999,113.029999,93.865936,2672000
2019-12-18,113.290001,113.940002,112.589996,113.040001,93.874237,3074800
2019-12-19,113.410004,113.620003,112.489998,112.809998,93.683235,1850500
2019-12-20,113.790001,114.150002,112.849998,113.349998,94.131683,4666900
2019-12-23,113.400002,113.669998,112.209999,112.669998,93.566963,1937500
2019-12-24,112.650002,113.239998,112.589996,113.199997,94.007111,1190800
2019-12-26,112.570000,113.199997,111.849998,112.059998,93.060387,1147700
2019-12-27,112.410004,112.410004,110.529999,110.599998,91.847946,1427500
2019-12-30,110.500000,111.250000,110.129997,110.370003,91.656929,1712000
2019-12-31,110.220001,111.410004,110.040001,111.410004,92.520615,1695900
2020-01-02,112.080002,113.180000,111.379997,112.199997,93.176659,1607900
2020-01-03,111.250000,112.419998,108.190002,108.489998,90.095680,2236900
2020-01-06,108.239998,108.440002,107.209999,107.809998,89.530968,3917100
2020-01-07,107.129997,108.220001,106.739998,108.139999,89.805031,2687900
2020-01-08,108.320000,108.440002,103.809998,104.099998,86.449997,3452600
2020-01-09,103.379997,105.669998,102.220001,105.620003,87.712288,3127700
2020-01-10,105.639999,106.750000,104.809998,104.870003,87.089455,1910700
2020-01-13,104.919998,106.019997,104.540001,105.300003,87.446541,2243100
2020-01-14,105.269997,106.660004,104.989998,106.379997,88.343422,2753400
2020-01-15,105.570000,105.709999,104.120003,104.889999,87.106056,2386300
2020-01-16,105.559998,105.669998,103.650002,103.790001,86.192574,2568200
2020-01-17,103.790001,103.949997,102.519997,103.309998,85.793938,2782000
2020-01-21,102.500000,102.989998,101.910004,102.339996,84.988411,2102000
2020-01-22,102.800003,102.989998,101.570000,101.860001,84.589783,2505400
2020-01-23,101.489998,102.129997,100.000000,102.080002,84.772484,3520300
2020-01-24,101.900002,101.989998,99.370003,100.320000,83.310883,2120500
2020-01-27,98.269997,98.349998,96.620003,96.919998,80.487350,2472800
2020-01-28,97.449997,97.900002,96.610001,96.690002,80.296371,2926900
2020-01-29,97.180000,98.910004,95.550003,95.800003,79.557259,2395600
2020-01-30,95.230003,96.550003,94.500000,96.410004,80.063828,2610400
2020-01-31,94.900002,94.930000,90.209999,91.370003,75.878357,6451000
2020-02-03,91.290001,91.379997,88.440002,88.970001,73.885269,4306800
2020-02-04,90.570000,90.860001,88.279999,88.720001,73.677666,3427900
2020-02-05,90.370003,93.290001,90.309998,92.639999,76.933022,3100700
2020-02-06,92.989998,93.070000,90.050003,90.220001,74.923340,2606100
2020-02-07,89.970001,90.489998,89.260002,90.330002,75.014687,2481500
2020-02-10,89.860001,91.040001,89.620003,90.260002,74.956558,2171400
2020-02-11,90.940002,90.980003,89.550003,90.269997,74.964859,2682900
2020-02-12,91.589996,92.300003,90.449997,91.139999,75.687347,2361400
2020-02-13,91.000000,91.470001,90.169998,90.339996,75.022980,2727700
2020-02-14,89.519997,90.230003,88.610001,89.470001,75.048164,2254900
2020-02-18,88.709999,89.099998,87.070000,88.000000,73.815117,4542600
2020-02-19,88.500000,88.730003,86.720001,88.360001,74.117088,2441800
2020-02-20,88.510002,90.290001,88.410004,90.190002,75.652100,2905900
2020-02-21,89.519997,90.160004,88.690002,89.250000,74.863625,2406900
2020-02-24,86.620003,87.879997,85.930000,86.559998,72.607224,3732700
2020-02-25,86.830002,87.300003,82.269997,82.809998,69.461685,4211800
2020-02-26,83.099998,83.739998,80.279999,80.330002,67.381462,4156400
2020-02-27,78.699997,78.739998,74.239998,74.260002,62.289879,6900500
2020-02-28,71.699997,75.370003,71.389999,74.860001,62.793175,7137800
2020-03-02,75.269997,75.449997,72.220001,75.110001,63.002861,5279400
2020-03-03,75.459999,77.580002,72.099998,72.860001,61.115559,5710300
2020-03-04,74.019997,74.769997,72.419998,74.629997,62.600243,4201800
2020-03-05,72.150002,73.820000,71.529999,71.980003,60.377392,5724800
2020-03-06,70.000000,71.160004,68.019997,69.300003,58.129410,6374400
2020-03-09,62.650002,69.099998,60.200001,62.090000,52.081596,7993800
2020-03-10,65.949997,66.870003,60.290001,63.360001,53.146881,7047200
2020-03-11,61.040001,61.669998,54.119999,55.150002,46.260265,8448500
2020-03-12,51.020000,51.209999,44.810001,46.400002,38.920700,11492100
2020-03-13,50.709999,54.410000,46.650002,54.360001,45.597607,6997200
2020-03-16,46.770000,57.590000,45.320000,48.270000,40.489265,7192800
2020-03-17,49.080002,50.730000,45.959999,46.669998,39.147175,6274500
2020-03-18,44.840000,46.930000,40.040001,42.970001,36.043579,6970800
2020-03-19,43.250000,46.639999,41.810001,45.680000,38.316750,4936100
2020-03-20,47.189999,50.959999,45.360001,48.349998,40.556366,7605100
2020-03-23,47.689999,48.000000,41.410000,42.090000,35.305431,6075800
2020-03-24,45.750000,46.320000,42.400002,45.580002,38.232876,5476000
2020-03-25,46.189999,52.900002,43.660000,50.500000,42.359806,6516900
2020-03-26,51.400002,56.740002,51.060001,54.389999,45.622765,6014400
2020-03-27,52.080002,54.340000,50.049999,52.320000,43.886433,4191500
2020-03-30,50.669998,54.930000,48.689999,54.160000,45.429852,5207900
2020-03-31,55.709999,56.500000,52.049999,53.650002,45.002052,4743800
2020-04-01,51.470001,51.849998,49.040001,49.509998,41.529388,4142800
2020-04-02,51.500000,56.099998,50.060001,51.720001,43.383152,5169000
2020-04-03,53.000000,53.349998,50.340000,51.619999,43.299271,3587300
2020-04-06,54.090000,57.930000,53.439999,57.419998,48.164360,5347800
2020-04-07,60.169998,61.560001,58.009998,58.630001,49.179325,5281100
2020-04-08,59.619999,64.199997,59.389999,63.700001,53.432079,3754800
2020-04-09,67.110001,67.440002,59.400002,61.520000,51.603470,5316800
2020-04-13,63.099998,63.799999,60.980000,61.560001,51.637028,3438100
2020-04-14,61.810001,62.410000,60.080002,61.070000,51.226006,3496900
2020-04-15,58.310001,58.400002,55.060001,56.470001,47.367489,4093100
2020-04-16,55.970001,56.389999,53.160000,53.529999,44.901382,4363300
2020-04-17,54.950001,59.689999,54.639999,59.529999,49.934246,5601700
2020-04-20,57.000000,60.279999,56.509998,58.119999,48.751526,3468500
2020-04-21,55.509998,58.000000,54.410000,56.799999,47.644291,3287100
2020-04-22,59.669998,59.869999,57.349998,58.180000,48.801849,3071800
2020-04-23,60.070000,60.639999,58.360001,59.970001,50.303314,3419800
2020-04-24,61.000000,61.619999,59.529999,60.529999,50.773056,3399900
2020-04-27,60.650002,64.129997,60.169998,63.490002,53.255924,3234300
2020-04-28,65.150002,67.669998,64.230003,67.339996,56.485336,3851900
2020-04-29,70.000000,73.800003,69.500000,73.500000,61.652386,5191400
2020-04-30,73.510002,75.629997,72.010002,73.169998,61.375584,5993400
2020-05-01,70.550003,71.370003,65.260002,66.360001,55.663307,6626600
2020-05-04,66.010002,74.410004,65.699997,73.480003,61.635609,7575800
2020-05-05,75.500000,76.769997,73.910004,75.199997,63.078358,6934400
2020-05-06,75.820000,76.290001,71.820000,71.910004,60.318691,5972000
2020-05-07,73.790001,75.629997,72.529999,73.309998,61.493031,3586900
2020-05-08,74.629997,77.440002,73.779999,77.059998,64.638557,3275800
2020-05-11,76.160004,77.739998,75.849998,76.669998,64.311409,3441800
2020-05-12,77.120003,77.370003,73.489998,73.529999,61.677563,3117400
2020-05-13,73.000000,73.360001,70.519997,71.029999,59.580536,3687400
2020-05-14,69.599998,72.790001,67.870003,71.750000,60.184471,3159700
2020-05-15,70.470001,71.900002,69.129997,70.930000,60.252441,2830600
2020-05-18,75.000000,77.739998,74.739998,76.279999,64.797058,4530900
2020-05-19,76.000000,76.809998,74.110001,75.220001,63.896641,3736700
2020-05-20,76.809998,79.110001,76.650002,78.250000,66.470512,3501500
2020-05-21,78.650002,79.099998,76.820000,77.089996,65.485115,2299500
2020-05-22,76.339996,76.839996,75.150002,76.459999,64.949966,2036100
2020-05-26,79.160004,79.919998,78.459999,78.970001,67.082115,2747400
2020-05-27,80.000000,81.919998,79.110001,81.730003,69.426636,3328100
2020-05-28,81.919998,82.029999,78.199997,78.559998,66.733841,4129200
2020-05-29,78.330002,79.300003,77.080002,78.260002,66.479019,4305200
2020-06-01,78.029999,78.970001,76.309998,78.830002,66.963196,2470200
2020-06-02,79.639999,81.730003,79.080002,81.570000,69.290726,3151900
2020-06-03,82.849998,84.360001,82.639999,83.730003,71.125565,2562400
2020-06-04,82.559998,83.639999,81.680000,83.129997,70.615875,2586300
2020-06-05,86.769997,88.459999,86.150002,87.400002,74.243088,3767300
2020-06-08,88.559998,89.790001,87.389999,89.730003,76.222351,3355700
2020-06-09,86.559998,86.910004,85.129997,85.669998,72.773521,3809900
2020-06-10,85.050003,87.019997,83.410004,84.330002,71.635246,3201700
2020-06-11,78.010002,79.849998,74.959999,75.000000,63.709755,4387200
2020-06-12,77.730003,79.660004,75.320000,77.260002,65.629555,3025700
2020-06-15,73.430000,76.589996,72.599998,75.599998,64.219437,4308900
2020-06-16,78.900002,78.949997,75.180000,77.040001,65.442665,3419100
2020-06-17,77.040001,77.269997,72.839996,72.879997,61.908882,3665500
2020-06-18,72.510002,76.669998,72.099998,76.239998,64.763077,3760200
2020-06-19,78.000000,78.410004,74.610001,74.699997,63.454914,7484400
2020-06-22,74.099998,74.839996,72.900002,74.400002,63.200077,2455400
2020-06-23,74.750000,75.459999,74.169998,74.699997,63.454914,2749700
2020-06-24,73.500000,73.720001,69.320000,69.989998,59.453934,3560200
2020-06-25,69.419998,71.459999,68.889999,70.070000,59.521896,2655200
2020-06-26,69.730003,69.750000,67.959999,68.070000,57.822956,3797700
2020-06-29,68.839996,69.760002,67.820000,68.660004,58.324162,2364900
2020-06-30,68.019997,72.349998,67.260002,71.900002,61.076412,3502500
2020-07-01,71.769997,73.349998,68.830002,69.110001,58.706409,2251700
2020-07-02,70.269997,70.980003,68.279999,68.419998,58.120289,2624100
2020-07-06,69.610001,69.949997,66.279999,68.089996,57.839954,3592400
2020-07-07,67.190002,67.250000,64.480003,64.610001,54.883823,3120400
2020-07-08,64.680000,65.559998,63.639999,63.980000,54.348663,3798000
2020-07-09,64.000000,64.330002,58.919998,58.980000,50.101357,6096200
2020-07-10,58.730000,61.119999,58.720001,61.060001,51.868229,4247900
2020-07-13,61.340000,61.770000,59.500000,60.270000,51.197155,3481400
2020-07-14,59.630001,62.209999,59.400002,61.959999,52.632744,3423300
2020-07-15,63.970001,65.720001,62.700001,65.459999,55.605865,3635500
2020-07-16,65.070000,66.120003,63.869999,64.870003,55.104691,1857300
2020-07-17,65.309998,66.160004,63.590000,63.840000,54.229740,2122100
2020-07-20,63.849998,64.559998,62.270000,62.330002,52.947052,2079600
2020-07-21,63.730000,66.900002,63.500000,66.419998,56.421352,3241200
2020-07-22,65.160004,65.529999,63.910000,65.250000,55.427483,2585400
2020-07-23,64.820000,65.699997,63.970001,65.180000,55.368015,2104700
2020-07-24,65.449997,66.480003,64.750000,65.059998,55.266083,2040600
2020-07-27,64.750000,65.029999,63.599998,64.589996,54.866829,1826600
2020-07-28,64.139999,64.959999,63.400002,63.580002,54.008873,2428300
2020-07-29,64.160004,65.589996,63.709999,65.580002,55.707806,2449100
2020-07-30,64.010002,64.209999,61.299999,63.090000,53.592640,3118400
2020-07-31,61.369999,63.099998,60.590000,62.020000,52.683716,5838600
2020-08-03,61.310001,62.000000,60.040001,61.119999,51.919197,4331600
2020-08-04,60.750000,62.330002,60.119999,61.849998,52.539299,3412600
2020-08-05,63.119999,63.119999,60.529999,61.959999,52.632744,4538200
2020-08-06,61.099998,62.950001,60.680000,60.970001,51.791786,3187800
2020-08-07,60.599998,62.990002,60.139999,62.869999,53.405762,2914000
2020-08-10,63.369999,64.919998,62.900002,64.870003,55.104691,3387100
2020-08-11,66.389999,67.470001,63.750000,64.110001,54.459095,3544200
2020-08-12,65.339996,65.510002,63.810001,64.410004,54.713932,3442200
2020-08-13,63.849998,64.290001,62.619999,62.630001,53.201885,2875500
2020-08-14,62.099998,63.759998,61.860001,63.660000,54.076832,2638100
2020-08-17,62.700001,63.139999,62.130001,62.360001,53.732185,2816100
2020-08-18,62.259998,62.500000,61.090000,61.310001,52.827454,2658800
2020-08-19,61.500000,62.090000,60.369999,61.419998,52.922230,3100800
2020-08-20,60.759998,61.590000,60.619999,60.970001,52.534492,2598700
2020-08-21,61.000000,61.779999,60.570000,60.970001,52.534492,3124900
2020-08-24,61.250000,63.680000,60.680000,63.650002,54.843704,3011200
2020-08-25,63.700001,63.950001,61.419998,61.630001,53.103180,2303900
2020-08-26,61.419998,61.840000,60.009998,60.029999,51.724541,3003400
2020-08-27,60.180000,60.430000,59.070000,60.259998,51.922722,3160200
2020-08-28,60.349998,62.070000,60.349998,61.790001,53.241047,2469100
2020-08-31,61.849998,61.919998,58.459999,58.470001,50.380386,3657000
2020-09-01,58.380001,59.410000,57.709999,58.790001,50.656109,3194900
2020-09-02,58.590000,60.380001,57.830002,60.049999,51.741776,4491700
2020-09-03,60.130001,61.730000,59.200001,59.689999,51.431583,3365700
2020-09-04,60.000000,60.639999,58.560001,58.980000,50.819820,3420100
2020-09-08,58.320000,59.630001,57.869999,57.959999,49.940945,4119800
2020-09-09,58.040001,58.630001,57.160000,57.869999,49.863388,3057100
2020-09-10,58.160000,58.259998,55.349998,55.360001,47.700668,3100900
2020-09-11,55.689999,57.419998,54.880001,57.070000,49.174076,3002100
2020-09-14,57.520000,58.919998,57.430000,58.369999,50.294209,2889700
2020-09-15,58.250000,59.540001,57.709999,58.049999,50.018482,3397700
2020-09-16,58.750000,61.730000,58.110001,60.509998,52.138134,5347700
2020-09-17,58.820000,60.419998,58.759998,60.349998,52.000275,4187000
2020-09-18,59.250000,60.720001,58.930000,59.820000,51.543602,7292400
2020-09-21,57.919998,58.230000,55.580002,55.919998,48.183182,6187500
2020-09-22,55.709999,56.820000,54.869999,55.360001,47.700668,4135900
2020-09-23,55.470001,55.820000,52.560001,52.630001,45.348381,3725300
2020-09-24,52.299999,53.849998,51.049999,52.849998,45.537933,2981000
2020-09-25,52.070000,53.279999,51.700001,52.880001,45.563786,2824300
2020-09-28,53.939999,54.639999,53.430000,53.980000,46.511593,2126600
2020-09-29,53.759998,53.820000,51.759998,52.189999,44.969242,2464600
2020-09-30,52.470001,53.049999,51.590000,51.840000,44.667671,2670300
2020-10-01,51.189999,51.599998,49.750000,50.279999,43.323505,4047100
2020-10-02,48.959999,51.759998,48.820000,51.060001,43.995594,3453200
2020-10-05,51.830002,53.130001,51.720001,52.549999,45.279438,2711600
2020-10-06,53.490002,53.490002,50.939999,51.060001,43.995594,2926500
2020-10-07,51.450001,52.180000,50.650002,51.930000,44.745216,2621200
2020-10-08,52.119999,53.660000,52.060001,53.639999,46.218639,2398000
2020-10-09,54.040001,54.500000,52.549999,53.040001,45.701645,3185700
2020-10-12,52.660000,54.360001,51.930000,53.459999,46.063541,2769000
2020-10-13,52.869999,53.459999,51.119999,51.270000,44.176537,2885600
2020-10-14,51.720001,53.360001,51.529999,52.080002,44.874474,2111400
2020-10-15,51.049999,52.740002,50.419998,52.509998,45.244972,3502000
2020-10-16,52.459999,52.500000,50.470001,50.580002,43.582005,2938700
2020-10-19,50.910000,50.930000,48.880001,48.950001,42.177521,3683200
2020-10-20,49.369999,50.090000,49.080002,49.590000,42.728970,3471300
2020-10-21,48.880001,49.820000,48.660000,48.720001,41.979343,3798400
2020-10-22,48.680000,50.189999,47.549999,50.009998,43.090858,3408600
2020-10-23,50.549999,51.439999,49.410000,50.480000,43.495838,3291400
2020-10-26,49.639999,49.650002,47.900002,48.139999,41.479595,3215000
2020-10-27,48.000000,48.369999,47.020000,47.070000,40.557625,3525700
2020-10-28,45.730000,46.500000,44.139999,44.220001,38.101940,4911700
2020-10-29,43.619999,46.180000,43.270000,45.980000,39.618435,4436300
2020-10-30,45.380001,46.740002,44.910000,46.660000,40.204346,4578900
2020-11-02,47.380001,48.480000,46.509998,47.959999,41.324493,3732600
2020-11-03,48.619999,49.040001,46.849998,47.520000,40.945366,3287300
2020-11-04,47.660000,49.250000,46.610001,47.919998,41.290024,3709000
2020-11-05,47.709999,48.910000,47.430000,48.189999,41.522671,3211600
2020-11-06,48.110001,48.889999,46.189999,46.680000,40.221588,3617000
2020-11-09,52.419998,58.230000,52.299999,57.029999,49.139606,8912800
2020-11-10,58.689999,58.779999,55.700001,58.139999,50.096035,5192400
2020-11-11,58.900002,58.990002,57.689999,58.980000,50.819820,4588500
2020-11-12,57.680000,58.529999,54.599998,54.849998,47.261227,5068000
2020-11-13,55.570000,59.500000,55.500000,58.759998,50.630257,5655700
2020-11-16,61.189999,63.139999,59.099998,62.619999,54.795483,6020300
2020-11-17,61.250000,64.430000,60.250000,64.339996,56.300564,5370200
2020-11-18,64.760002,64.849998,60.720001,60.750000,53.159149,4151000
2020-11-19,60.000000,61.820000,59.529999,61.450001,53.771675,2673700
2020-11-20,61.299999,62.490002,61.009998,61.590000,53.894184,2651600
2020-11-23,62.720001,65.919998,62.599998,65.839996,57.613136,4504300
2020-11-24,68.150002,68.709999,66.599998,67.720001,59.258221,4207300
2020-11-25,66.879997,67.230003,65.769997,66.260002,57.980656,3755900
2020-11-27,65.620003,66.250000,64.690002,65.230003,57.079365,1936000
2020-11-30,64.260002,64.500000,60.299999,60.580002,53.010387,6423000
2020-12-01,62.779999,64.180000,61.529999,61.880001,54.147949,4021100
2020-12-02,61.200001,65.279999,61.040001,64.430000,56.379318,4410700
2020-12-03,64.750000,66.900002,63.840000,65.019997,56.895596,2732700
2020-12-04,66.739998,69.919998,66.519997,69.320000,60.658306,4437500
2020-12-07,68.320000,68.809998,66.320000,67.050003,58.671947,3059500
2020-12-08,66.059998,69.080002,66.059998,67.389999,58.969448,3050800
2020-12-09,68.459999,70.099998,66.980003,68.769997,60.177029,3602200
2020-12-10,68.150002,71.699997,68.150002,70.860001,62.005867,3352600
2020-12-11,70.199997,70.419998,68.449997,69.510002,60.824566,2557000
2020-12-14,69.709999,70.550003,66.860001,67.190002,58.794453,2816400
2020-12-15,67.160004,68.690002,66.250000,68.250000,59.721996,3028500
2020-12-16,68.449997,68.500000,66.919998,67.290001,58.881966,3395200
2020-12-17,67.860001,67.870003,66.400002,67.169998,58.776951,3162500
2020-12-18,67.089996,67.519997,66.059998,66.849998,58.496941,8457000
2020-12-21,64.760002,67.260002,63.799999,66.489998,58.181908,3479200
2020-12-22,66.519997,68.180000,66.150002,67.510002,59.074455,3573900
2020-12-23,68.379997,69.970001,68.010002,69.360001,60.693302,2988100
2020-12-24,69.190002,69.279999,68.040001,68.730003,60.142021,1295200
2020-12-28,69.440002,70.930000,69.040001,69.330002,60.667057,2442000
2020-12-29,69.449997,69.870003,67.779999,68.379997,59.835758,3847500
2020-12-30,68.589996,70.910004,68.489998,70.599998,61.778370,2906000
2020-12-31,70.500000,70.739998,69.760002,69.940002,61.200829,2003500
2021-01-04,70.610001,71.290001,68.559998,69.879997,61.148335,2714200
2021-01-05,70.000000,73.779999,70.000000,71.750000,62.784657,3907000
2021-01-06,73.010002,73.419998,70.339996,71.220001,62.320892,5097800
2021-01-07,71.500000,73.309998,70.779999,71.860001,62.880924,2568200
2021-01-08,72.510002,72.599998,70.339996,70.709999,61.874622,2683600
2021-01-11,69.000000,72.800003,68.680000,72.269997,63.239704,4944300
2021-01-12,72.720001,74.070000,71.639999,73.739998,64.526016,2648600
2021-01-13,73.500000,73.699997,71.529999,71.769997,62.802162,2520600
2021-01-14,72.029999,74.949997,72.000000,74.139999,64.876038,3028700
2021-01-15,73.150002,73.459999,70.930000,71.739998,62.775909,3413700
2021-01-19,72.720001,75.169998,72.080002,74.779999,65.436058,2976200
2021-01-20,75.400002,75.959999,73.940002,75.389999,65.969856,2566800
2021-01-21,74.559998,75.410004,72.629997,73.160004,64.018486,2698600
2021-01-22,71.699997,73.089996,71.150002,72.550003,63.484703,2563600
2021-01-25,72.000000,73.199997,71.029999,72.080002,63.073425,3003600
2021-01-26,72.849998,74.080002,71.260002,71.309998,62.399651,2056800
2021-01-27,70.220001,73.180000,69.699997,71.199997,62.303398,3080400
2021-01-28,71.699997,72.620003,70.559998,71.449997,62.522171,2654500
2021-01-29,69.300003,71.400002,67.389999,67.800003,59.328243,5732800
2021-02-01,68.339996,68.449997,65.379997,67.379997,58.960712,2968800
2021-02-02,69.160004,70.150002,67.610001,68.660004,60.080784,2324900
2021-02-03,68.660004,71.389999,68.660004,71.290001,62.382153,2598900
2021-02-04,71.559998,72.599998,70.739998,71.930000,62.942181,1997000
2021-02-05,73.150002,73.510002,71.349998,72.040001,63.038433,2466500
2021-02-08,72.800003,76.139999,72.550003,75.790001,66.319855,2678800
2021-02-09,75.449997,75.559998,73.839996,74.529999,65.217316,2644900
2021-02-10,74.800003,76.779999,74.449997,76.720001,67.133652,2231600
2021-02-11,76.400002,77.260002,74.849998,77.239998,67.588676,2308000
2021-02-12,77.059998,77.790001,76.239998,77.230003,67.579933,1954700
2021-02-16,78.889999,80.599998,78.099998,79.389999,69.470032,2763700
2021-02-17,80.000000,80.910004,78.230003,80.639999,70.563843,2135800
2021-02-18,80.169998,80.589996,78.910004,80.050003,70.047562,2075000
2021-02-19,79.769997,82.980003,79.510002,82.309998,72.844162,3401800
2021-02-22,81.470001,85.370003,81.160004,83.959999,74.304413,3213900
2021-02-23,85.250000,85.989998,82.389999,85.529999,75.693840,2557200
2021-02-24,85.849998,87.940002,85.529999,87.250000,77.216042,3540700
2021-02-25,88.000000,88.050003,84.209999,84.639999,74.906189,2767000
2021-02-26,83.919998,84.440002,80.160004,83.050003,73.499062,4790700
2021-03-01,85.050003,85.750000,84.099998,84.699997,74.959297,2227400
2021-03-02,84.260002,85.339996,82.190002,82.269997,72.808762,2354100
2021-03-03,83.120003,85.620003,82.809998,83.839996,74.198204,2352400
2021-03-04,84.449997,86.160004,82.790001,84.410004,74.702652,2829300
2021-03-05,86.610001,87.430000,84.110001,87.349998,77.304543,3367100
2021-03-08,88.879997,90.099998,87.250000,88.470001,78.295746,2892300
2021-03-09,87.690002,90.589996,85.330002,85.400002,75.578819,3497500
2021-03-10,85.550003,89.070000,84.900002,88.440002,78.269188,2554600
2021-03-11,88.599998,89.500000,87.550003,87.730003,77.640846,2667700
2021-03-12,88.980003,89.129997,87.489998,88.660004,78.463890,1864100
2021-03-15,88.459999,89.120003,86.860001,87.839996,77.738190,2200800
2021-03-16,86.650002,86.779999,84.580002,84.930000,75.162842,3064000
2021-03-17,84.949997,85.720001,83.650002,85.459999,75.631897,2490300
2021-03-18,84.669998,85.190002,81.300003,81.370003,72.012253,3516700
2021-03-19,81.639999,83.540001,80.610001,82.260002,72.799904,5098200
2021-03-22,81.410004,81.940002,80.360001,80.580002,71.313118,2946100
2021-03-23,79.120003,80.860001,77.720001,78.980003,69.897125,3348500
2021-03-24,80.470001,82.260002,80.330002,82.029999,72.596352,3417400
2021-03-25,80.779999,82.730003,79.129997,82.440002,72.959198,2613300
2021-03-26,83.949997,84.440002,82.570000,84.309998,74.614159,2370000
2021-03-29,83.160004,83.379997,81.320000,82.529999,73.038849,1880600
2021-03-30,81.760002,83.309998,81.599998,82.309998,72.844162,1960600
2021-03-31,81.989998,82.620003,81.269997,81.540001,72.162712,2665200
2021-04-01,81.589996,83.300003,80.519997,83.160004,73.596405,2732900
2021-04-05,83.040001,83.370003,81.180000,82.059998,72.622894,3060200
2021-04-06,82.190002,82.919998,80.519997,80.849998,71.552055,2905200
2021-04-07,80.870003,80.940002,79.110001,80.000000,70.799812,2707200
2021-04-08,78.959999,79.169998,77.660004,78.419998,69.401512,2908500
2021-04-09,78.519997,80.629997,78.099998,79.029999,69.941360,3592000
2021-04-12,79.660004,80.370003,77.459999,77.620003,68.693527,1846300
2021-04-13,77.260002,77.839996,76.660004,77.620003,68.693527,2000600
2021-04-14,78.349998,80.529999,78.209999,79.389999,70.259964,2237300
2021-04-15,79.029999,79.269997,78.250000,79.019997,69.932526,2143800
2021-04-16,79.559998,80.449997,78.150002,78.690002,69.640465,2422300
2021-04-19,78.849998,79.650002,77.459999,77.940002,68.976723,2352600
2021-04-20,77.269997,77.489998,74.599998,75.419998,66.746513,2283800
2021-04-21,74.620003,77.349998,74.330002,77.019997,68.162521,2553200
2021-04-22,77.169998,77.169998,74.919998,74.949997,66.330574,2625700
2021-04-23,75.309998,76.800003,74.980003,76.489998,67.693474,1992800
2021-04-26,76.489998,77.410004,76.250000,76.500000,67.702324,1582100
2021-04-27,76.690002,78.349998,76.400002,78.099998,69.118317,1955100
2021-04-28,78.510002,80.550003,78.400002,80.099998,70.888313,2670500
2021-04-29,81.000000,82.279999,80.379997,81.120003,71.791000,2814500
2021-04-30,80.050003,82.489998,79.900002,80.910004,71.605164,3061400
2021-05-03,82.220001,84.209999,81.989998,83.940002,74.286705,3078200
2021-05-04,84.459999,85.120003,82.230003,83.029999,73.481346,2867600
2021-05-05,83.660004,85.080002,82.779999,84.989998,75.215965,2899900
2021-05-06,85.260002,85.730003,84.110001,85.610001,75.764656,1661100
2021-05-07,84.500000,86.290001,84.260002,86.040001,76.145195,1894900
2021-05-10,87.129997,87.949997,85.550003,85.589996,75.746948,2567400
2021-05-11,84.150002,85.010002,82.650002,83.629997,74.012360,2450700
2021-05-12,83.589996,87.580002,83.529999,85.339996,75.525696,3060600
2021-05-13,84.150002,86.199997,83.239998,84.349998,74.649551,2265300
2021-05-14,85.230003,87.800003,85.230003,87.699997,77.614288,2818200
2021-05-17,87.489998,88.989998,86.750000,88.699997,78.499290,3022200
2021-05-18,88.699997,89.099998,86.589996,86.760002,76.782387,2147700
2021-05-19,85.199997,86.739998,83.830002,85.730003,75.870842,2669700
2021-05-20,85.739998,86.129997,83.959999,85.099998,75.313301,3492300
2021-05-21,85.199997,86.050003,84.230003,84.290001,75.393806,2675100
2021-05-24,85.000000,85.680000,84.220001,85.510002,76.485054,1683300
2021-05-25,85.029999,85.320000,83.139999,83.230003,74.445694,2433200
2021-05-26,83.610001,83.930000,83.050003,83.370003,74.570900,2529100
2021-05-27,83.650002,84.500000,83.510002,84.410004,75.501137,2903500
2021-05-28,85.000000,85.099998,83.639999,84.220001,75.331192,1722900
2021-06-01,85.959999,87.309998,85.900002,86.849998,77.683624,3599900
2021-06-02,87.199997,89.750000,86.099998,89.620003,80.161263,3142100
2021-06-03,89.239998,90.470001,88.389999,89.209999,79.794525,2995900
2021-06-04,90.000000,91.870003,89.519997,91.480003,81.824966,3267400
2021-06-07,91.820000,93.790001,91.620003,92.410004,82.656799,3160000
2021-06-08,91.720001,93.769997,90.260002,92.559998,82.790962,2778100
2021-06-09,93.519997,93.980003,92.440002,92.449997,82.692574,3670900
2021-06-10,93.959999,94.339996,90.680000,91.639999,81.968056,2248500
2021-06-11,92.320000,92.639999,90.910004,90.970001,81.368782,2518300
2021-06-14,91.410004,92.059998,90.449997,91.440002,81.789169,2030900
2021-06-15,92.070000,93.389999,91.169998,92.099998,82.379501,2450100
2021-06-16,91.570000,91.959999,89.769997,90.739998,81.163055,2188600
2021-06-17,90.510002,91.139999,86.010002,86.660004,77.513657,3044100
2021-06-18,85.389999,86.370003,84.099998,84.169998,75.286461,3990400
2021-06-21,85.209999,87.519997,84.949997,87.349998,78.130844,2828400
2021-06-22,86.919998,88.489998,85.889999,87.970001,78.685410,2689400
2021-06-23,88.610001,90.040001,88.180000,88.260002,78.944794,3452400
2021-06-24,88.820000,89.989998,88.029999,89.690002,80.223869,3097500
2021-06-25,89.800003,90.449997,88.550003,90.040001,80.536926,8032600
2021-06-28,89.669998,89.669998,84.980003,85.419998,76.404541,4141800
2021-06-29,86.160004,86.510002,84.690002,85.110001,76.127266,3392700
2021-06-30,85.529999,85.949997,85.080002,85.820000,76.762321,3103500
2021-07-01,87.589996,87.849998,86.050003,87.089996,77.898277,2358100
2021-07-02,86.779999,88.660004,86.349998,87.900002,78.622803,2080300
2021-07-06,88.000000,88.000000,84.029999,84.449997,75.536911,6464400
2021-07-07,83.410004,84.419998,81.120003,82.540001,73.828491,5109200
2021-07-08,80.379997,82.169998,79.730003,80.790001,72.263191,2484200
2021-07-09,81.599998,82.830002,80.720001,82.699997,73.971611,2376600
2021-07-12,81.400002,83.180000,81.000000,82.400002,73.703278,3251800
2021-07-13,81.809998,82.330002,81.080002,81.650002,73.032440,3340600
2021-07-14,81.489998,82.370003,78.300003,78.540001,70.250664,4263700
2021-07-15,77.599998,78.629997,76.809998,77.169998,69.025269,3481000
2021-07-16,77.790001,77.970001,74.220001,74.480003,66.619186,3305400
2021-07-19,72.000000,72.809998,70.070000,70.550003,63.103954,5171600
2021-07-20,70.500000,72.510002,69.730003,71.129997,63.622749,4956500
2021-07-21,72.500000,74.300003,72.379997,73.760002,65.975166,4450100
2021-07-22,73.279999,73.449997,71.379997,72.309998,64.678200,2807100
2021-07-23,72.290001,72.610001,71.410004,72.169998,64.552979,2126000
2021-07-26,72.379997,74.389999,72.269997,74.320000,66.476067,2167800
2021-07-27,73.529999,74.680000,72.800003,74.540001,66.672844,1932500
2021-07-28,74.910004,75.910004,73.779999,75.220001,67.281082,1958000
2021-07-29,76.169998,76.400002,74.660004,74.779999,66.887505,1938400
2021-07-30,74.339996,74.900002,72.970001,73.430000,65.679993,3301000
2021-08-02,73.750000,76.150002,73.250000,73.480003,65.724716,4061200
2021-08-03,73.500000,76.099998,73.120003,76.070000,68.041367,3148500
2021-08-04,73.760002,73.870003,71.599998,71.639999,64.078911,4259700
2021-08-05,72.580002,74.339996,72.120003,73.370003,65.626335,2182900
2021-08-06,74.349998,74.669998,73.389999,73.959999,66.154045,1807900
2021-08-09,72.809998,73.919998,72.570000,73.010002,65.304321,2220700
2021-08-10,73.250000,74.500000,73.110001,74.230003,66.395561,2823800
2021-08-11,73.980003,74.540001,73.440002,74.410004,66.556557,2021300
2021-08-12,74.250000,74.620003,73.400002,74.440002,66.583389,1790000
2021-08-13,74.639999,74.959999,73.790001,73.889999,66.091438,2214700
2021-08-16,72.889999,72.980003,71.510002,71.849998,64.266754,4751400
2021-08-17,70.339996,71.309998,69.440002,69.970001,63.379066,3161400
2021-08-18,69.940002,70.739998,68.050003,68.150002,61.730511,3895000
2021-08-19,66.839996,67.250000,65.349998,66.269997,60.027592,4008600
2021-08-20,65.199997,66.500000,64.449997,65.949997,59.737743,4518600
2021-08-23,67.629997,68.989998,67.550003,68.800003,62.319279,3549900
2021-08-24,69.580002,71.220001,69.160004,70.930000,64.248642,3351900
2021-08-25,70.830002,72.650002,70.339996,72.180000,65.380898,2229500
2021-08-26,71.000000,71.739998,70.459999,70.680000,64.022186,2518500
2021-08-27,71.300003,73.169998,71.239998,72.610001,65.770393,2349900
2021-08-30,73.180000,73.500000,71.550003,71.570000,64.828362,1790300
2021-08-31,71.070000,72.190002,70.680000,71.089996,64.393570,3333500
2021-09-01,71.459999,71.459999,68.910004,69.209999,62.690651,3334500
2021-09-02,69.830002,71.160004,69.669998,69.919998,63.333775,2336500
2021-09-03,69.900002,70.440002,69.050003,69.620003,63.062042,1606200
2021-09-07,69.089996,70.400002,68.720001,68.739998,62.264927,2108700
2021-09-08,69.180000,69.629997,66.940002,66.989998,60.679768,2498400
2021-09-09,66.480003,68.190002,66.050003,66.739998,60.453312,3575700
2021-09-10,67.739998,67.750000,66.150002,66.379997,60.127224,2477500
2021-09-13,67.320000,67.949997,66.709999,67.260002,60.924347,3545100
2021-09-14,67.820000,68.040001,64.949997,65.239998,59.094620,3572200
2021-09-15,65.879997,66.919998,65.470001,66.029999,59.810200,4584500
2021-09-16,66.000000,66.449997,65.139999,65.760002,59.565636,2427000
2021-09-17,65.750000,66.620003,65.260002,66.019997,59.801136,6201900
2021-09-20,64.300003,65.320000,63.189999,64.269997,58.215992,2989700
2021-09-21,65.150002,65.320000,63.560001,64.339996,58.279392,2170000
2021-09-22,65.459999,68.019997,65.440002,67.010002,60.697887,4003600
2021-09-23,67.089996,68.860001,66.879997,68.610001,62.147171,2520300
2021-09-24,67.980003,68.489998,67.400002,68.040001,61.630863,2424700
2021-09-27,69.529999,71.510002,69.080002,71.129997,64.429802,3136300
2021-09-28,72.260002,72.949997,70.769997,70.910004,64.230522,3790400
2021-09-29,70.779999,70.839996,69.690002,69.959999,63.369995,2351900
2021-09-30,70.120003,70.889999,69.089996,70.029999,63.433418,3435400
2021-10-01,70.089996,72.779999,70.089996,72.570000,65.734154,2859400
2021-10-04,73.000000,75.930000,72.290001,75.709999,68.578377,6312000
2021-10-05,77.099998,78.919998,75.669998,77.349998,70.063881,5064900
2021-10-06,77.019997,78.680000,76.269997,78.389999,71.005936,4437300
2021-10-07,78.709999,79.980003,78.449997,79.300003,71.830215,2746500
2021-10-08,80.010002,82.650002,79.639999,82.129997,74.393639,3274000
2021-10-11,82.959999,84.510002,82.010002,82.040001,74.312119,2671900
2021-10-12,82.000000,83.339996,81.809998,82.629997,74.846527,2217500
2021-10-13,81.800003,82.389999,80.559998,81.870003,74.158134,3511800
2021-10-14,83.099998,83.529999,81.730003,82.160004,74.420807,2283100
2021-10-15,83.000000,83.349998,81.190002,81.220001,73.569351,2092900
2021-10-18,81.669998,82.639999,80.400002,80.870003,73.252319,2534500
2021-10-19,81.400002,82.889999,81.059998,82.779999,74.982414,2880000
2021-10-20,82.339996,83.330002,81.879997,83.320000,75.471535,2016900
2021-10-21,82.680000,84.239998,81.860001,82.730003,74.937119,2536000
2021-10-22,82.930000,83.849998,81.519997,82.889999,75.082031,1880200
2021-10-25,83.550003,84.080002,82.830002,83.730003,75.842934,1939200
2021-10-26,83.739998,83.750000,81.959999,82.220001,74.475151,3262700
2021-10-27,80.500000,80.849998,77.129997,77.349998,70.063881,5417200
2021-10-28,76.500000,77.989998,76.000000,76.750000,69.520416,3380000
2021-10-29,77.000000,77.680000,74.070000,74.779999,67.735977,5110900
2021-11-01,75.410004,78.180000,75.300003,78.139999,70.779480,5824600
2021-11-02,78.099998,79.970001,77.550003,77.550003,70.245056,4552600
2021-11-03,77.260002,79.540001,76.989998,78.940002,71.504120,4270800
2021-11-04,79.839996,80.129997,76.309998,76.879997,69.638161,2859200
2021-11-05,78.000000,78.379997,76.599998,77.769997,70.444328,2682400
2021-11-08,78.599998,79.070000,77.419998,77.989998,70.643608,1640600
2021-11-09,77.820000,79.230003,77.269997,79.169998,71.712471,2363700
2021-11-10,79.080002,79.760002,77.110001,77.529999,70.226944,2910300
2021-11-11,77.500000,78.720001,77.180000,77.870003,70.534920,1510500
2021-11-12,77.180000,78.139999,76.559998,77.470001,70.172600,2146500
2021-11-15,78.099998,79.559998,77.260002,78.910004,71.476952,3721000
2021-11-16,78.040001,78.500000,76.599998,76.989998,70.560463,2950000
2021-11-17,76.230003,76.570000,74.470001,74.680000,68.443359,2299800
2021-11-18,74.470001,75.070000,73.000000,73.709999,67.554375,2548600
2021-11-19,72.010002,72.300003,69.510002,69.639999,63.824265,4692200
2021-11-22,69.610001,73.440002,69.570000,72.190002,66.161324,3782400
2021-11-23,73.160004,74.139999,72.839996,73.830002,67.664352,3452500
2021-11-24,73.379997,74.790001,73.139999,73.870003,67.701019,2305200
2021-11-26,69.870003,69.970001,67.080002,69.250000,63.466843,5044500
2021-11-29,70.739998,71.910004,69.019997,69.860001,64.025887,3400500
2021-11-30,68.010002,69.739998,68.010002,69.169998,63.393524,5819900
2021-12-01,71.400002,71.830002,68.629997,68.669998,62.935265,3976800
2021-12-02,68.830002,71.730003,67.930000,71.379997,65.418953,3617500
2021-12-03,72.500000,72.879997,69.470001,70.000000,64.154205,3219500
2021-12-06,71.099998,72.309998,69.540001,71.070000,65.134842,3866000
2021-12-07,72.040001,74.089996,72.000000,72.480003,66.427109,2572900
2021-12-08,72.699997,73.169998,71.709999,71.849998,65.849716,1947700
2021-12-09,72.010002,72.849998,71.260002,72.300003,66.262138,3913400
2021-12-10,73.010002,73.209999,71.320000,72.519997,66.463753,2268800
2021-12-13,71.529999,71.970001,69.510002,69.639999,63.824265,2527800
2021-12-14,69.449997,72.419998,69.320000,70.730003,64.823250,3360000
2021-12-15,70.239998,71.029999,69.239998,70.519997,64.630775,2666100
2021-12-16,71.360001,72.400002,70.800003,70.959999,65.034035,2965600
2021-12-17,70.839996,71.889999,69.529999,71.800003,65.803894,5988200
2021-12-20,69.769997,71.019997,68.570000,69.430000,63.631813,5883100
2021-12-21,70.410004,72.769997,70.239998,72.139999,66.115486,5058500
2021-12-22,72.320000,72.980003,71.480003,71.620003,65.638924,2320700
2021-12-23,72.580002,73.169998,71.849998,71.900002,65.895531,2970100
2021-12-27,71.559998,72.839996,70.660004,72.790001,66.711197,2229500
2021-12-28,73.099998,74.199997,72.959999,73.930000,67.755997,2316200
2021-12-29,73.599998,73.930000,72.790001,72.849998,66.766197,2693100
2021-12-30,72.919998,73.980003,72.379997,72.449997,66.399605,2469200
2021-12-31,72.250000,73.050003,72.050003,72.459999,66.408775,2317800
2022-01-03,72.889999,75.849998,72.889999,75.739998,69.414856,3710300
2022-01-04,76.529999,78.750000,76.459999,78.570000,72.008507,4484400
2022-01-05,79.250000,80.260002,77.860001,78.320000,71.779388,4196400
2022-01-06,80.250000,80.709999,78.400002,80.480003,73.759010,3631300
2022-01-07,80.480003,82.089996,79.889999,81.959999,75.115410,3771000
2022-01-10,82.330002,84.300003,81.970001,83.860001,76.856743,5816300
2022-01-11,84.629997,86.730003,84.019997,86.150002,78.955505,4409600
2022-01-12,86.500000,86.989998,85.510002,86.300003,79.092964,4263400
2022-01-13,85.809998,87.989998,85.809998,86.779999,79.532890,3706600
2022-01-14,86.500000,88.639999,86.500000,88.580002,81.182571,3389700
2022-01-18,89.570000,89.900002,87.169998,88.660004,81.255890,3862500
2022-01-19,89.519997,89.550003,86.500000,87.239998,79.954468,3086500
2022-01-20,86.449997,88.279999,85.470001,85.500000,78.359772,2943500
2022-01-21,85.150002,85.150002,82.239998,83.440002,76.471809,3592700
2022-01-24,81.220001,83.110001,79.529999,82.830002,75.912758,3803800
2022-01-25,82.239998,86.250000,81.239998,85.959999,78.781364,3122800
2022-01-26,86.919998,87.959999,84.410004,85.050003,77.947350,3907700
2022-01-27,87.230003,87.849998,84.000000,85.820000,78.653046,3917900
2022-01-28,86.160004,89.199997,81.980003,84.250000,77.214172,6742900
2022-01-31,84.419998,85.790001,83.209999,84.790001,77.709068,3778700
2022-02-01,84.080002,87.800003,83.449997,87.660004,80.339401,3360100
2022-02-02,87.019997,87.949997,84.760002,87.699997,80.376045,4159500
2022-02-03,87.750000,88.000000,86.269997,87.220001,79.936127,2829400
2022-02-04,88.050003,89.500000,87.900002,88.839996,81.420845,3256300
2022-02-07,88.379997,91.199997,88.000000,90.290001,82.749763,4104900
2022-02-08,89.449997,90.239998,87.860001,88.820000,81.402527,3048400
2022-02-09,89.010002,90.099998,88.800003,89.449997,81.979897,2605900
2022-02-10,89.000000,91.199997,88.870003,89.459999,81.989075,2660100
2022-02-11,90.000000,93.550003,89.879997,93.199997,85.416740,4821300
2022-02-14,92.440002,92.519997,89.349998,90.519997,82.960541,3951800
2022-02-15,88.650002,89.559998,87.750000,88.419998,81.035927,3397400
2022-02-16,89.540001,90.730003,87.750000,88.300003,80.925941,3426300
2022-02-17,87.959999,88.480003,86.570000,87.040001,79.771172,2670700
2022-02-18,85.190002,86.680000,84.550003,85.070000,78.798584,2488000
2022-02-22,86.940002,87.330002,83.019997,84.099998,77.900078,3562000
2022-02-23,84.849998,84.889999,83.370003,83.980003,77.788948,3261800
2022-02-24,85.000000,85.040001,81.680000,83.480003,77.325798,3775000
2022-02-25,84.029999,85.400002,83.589996,84.690002,78.446609,2999700
2022-02-28,83.510002,84.739998,82.940002,84.239998,78.029770,4639400
2022-03-01,85.080002,86.209999,81.089996,82.169998,76.112366,5324500
2022-03-02,83.040001,85.160004,82.599998,84.309998,78.094604,3644200
2022-03-03,84.000000,85.389999,82.410004,83.000000,76.881187,3894300
2022-03-04,82.459999,84.489998,82.300003,84.300003,78.085350,4030100
2022-03-07,85.220001,85.959999,82.370003,82.599998,76.510666,6183500
2022-03-08,84.559998,88.300003,83.790001,84.309998,78.094604,16579800
2022-03-09,79.500000,80.349998,78.120003,79.349998,73.500259,14161400
2022-03-10,80.199997,81.330002,78.290001,81.209999,75.223137,10788600
2022-03-11,80.559998,82.099998,79.800003,80.769997,74.815575,7198200
2022-03-14,80.040001,80.970001,77.250000,78.269997,72.499870,5807200
2022-03-15,76.910004,77.580002,73.849998,75.339996,69.785881,5925300
2022-03-16,75.750000,76.839996,75.459999,76.500000,70.860367,4031800
2022-03-17,77.269997,77.980003,76.080002,77.550003,71.832962,4840500
2022-03-18,77.739998,78.839996,76.500000,78.760002,72.953751,8269500
2022-03-21,80.000000,81.400002,79.779999,80.629997,74.685898,4278900
2022-03-22,80.199997,80.580002,78.309998,79.790001,73.907822,3541700
2022-03-23,80.500000,80.980003,79.860001,80.269997,74.352425,3446700
2022-03-24,80.629997,81.330002,79.800003,81.120003,75.139778,3946900
2022-03-25,80.790001,83.849998,80.580002,83.849998,77.668526,4290900
2022-03-28,82.500000,83.220001,81.449997,82.290001,76.223518,4214600
2022-03-29,81.000000,83.550003,80.610001,83.470001,77.316536,3546000
2022-03-30,84.639999,87.500000,84.639999,87.440002,80.993858,4512500
2022-03-31,87.000000,88.720001,86.309998,86.389999,80.021263,4830800
2022-04-01,86.430000,87.489998,84.529999,85.959999,79.622963,3204400
2022-04-04,86.680000,87.000000,85.540001,86.669998,80.280617,2410900
2022-04-05,86.980003,88.160004,85.889999,85.910004,79.576660,3003100
2022-04-06,86.550003,86.989998,85.220001,85.680000,79.363609,2563300
2022-04-07,86.160004,86.650002,80.169998,83.080002,76.955284,7514600
2022-04-08,83.669998,84.930000,83.150002,84.250000,78.039032,4686200
2022-04-11,83.589996,84.199997,82.169998,82.489998,76.408783,3973800
2022-04-12,83.500000,84.730003,81.709999,81.970001,75.927109,2943900
2022-04-13,82.430000,83.389999,81.639999,83.139999,77.010857,2659600
2022-04-14,83.320000,84.089996,82.790001,82.849998,76.742249,3014900
2022-04-18,83.680000,87.180000,82.610001,87.160004,80.734505,3679600
2022-04-19,86.959999,90.510002,86.790001,89.550003,82.948311,5120900
2022-04-20,89.769997,90.639999,88.529999,88.870003,82.318451,2816600
2022-04-21,89.760002,90.510002,85.540001,85.949997,79.613701,4574000
2022-04-22,85.989998,86.720001,83.500000,83.620003,77.455482,3458600
2022-04-25,81.279999,82.010002,78.089996,81.019997,75.047142,5577500
2022-04-26,81.419998,83.440002,81.050003,81.879997,75.843742,4847000
2022-04-27,81.889999,84.120003,80.680000,83.010002,76.890442,4482600
2022-04-28,83.639999,87.760002,83.050003,87.209999,80.780815,4228700
2022-04-29,88.629997,90.330002,86.470001,86.760002,80.363991,6279900
2022-05-02,86.680000,89.459999,86.089996,89.180000,82.605576,4280400
2022-05-03,89.389999,91.250000,89.370003,90.790001,84.096886,4292000
2022-05-04,91.739998,96.449997,90.949997,96.169998,89.080284,5874800
2022-05-05,96.610001,96.760002,92.459999,94.519997,87.551926,5448500
2022-05-06,95.930000,96.540001,93.089996,96.360001,89.256279,4093600
2022-05-09,94.269997,94.699997,89.160004,89.480003,82.883469,5173000
2022-05-10,90.410004,92.540001,87.830002,89.570000,82.966843,4186100
2022-05-11,91.360001,92.980003,90.099998,91.199997,84.476654,2981700
2022-05-12,91.419998,91.680000,88.750000,91.190002,84.467407,3910600
2022-05-13,92.690002,94.889999,92.690002,94.599998,87.626015,3329000
2022-05-16,94.720001,97.980003,94.720001,97.080002,89.923195,4561900
2022-05-17,98.360001,98.660004,96.430000,97.720001,90.516006,3747200
2022-05-18,98.199997,98.580002,94.309998,95.519997,88.478195,4002600
2022-05-19,93.199997,96.410004,92.550003,95.330002,88.302200,4660600
2022-05-20,95.430000,95.910004,91.480003,93.790001,87.768791,3838800
2022-05-23,95.160004,95.919998,94.180000,95.080002,88.975990,4220300
2022-05-24,94.040001,97.050003,93.699997,96.769997,90.557480,3076300
2022-05-25,96.989998,99.629997,96.750000,99.080002,92.719193,3422100
2022-05-26,99.889999,100.629997,98.480003,98.680000,92.344864,3262700
2022-05-27,98.699997,102.269997,98.610001,101.730003,95.199059,3621300
2022-05-31,102.309998,103.669998,100.559998,100.809998,94.338112,5541800
2022-06-01,101.839996,104.010002,101.209999,103.180000,96.555977,4086100
2022-06-02,102.550003,104.050003,101.650002,103.000000,96.387535,3031400
2022-06-03,103.199997,104.839996,102.769997,104.459999,97.753792,2940200
2022-06-06,104.879997,106.959999,104.709999,106.019997,99.213638,3046000
2022-06-07,105.529999,109.980003,105.529999,109.919998,102.863266,3477600
2022-06-08,109.750000,111.279999,108.839996,110.250000,103.172089,3611100
2022-06-09,109.730003,110.400002,108.190002,108.269997,101.319191,2946100
2022-06-10,106.910004,107.769997,104.839996,106.309998,99.485031,3015000
2022-06-13,103.309998,104.190002,100.059998,101.440002,94.927681,4227500
2022-06-14,104.930000,107.709999,102.349998,104.129997,97.444977,4522800
2022-06-15,104.199997,105.059998,100.120003,102.379997,95.807320,4747200
2022-06-16,99.370003,101.080002,95.940002,96.500000,90.304817,6847800
2022-06-17,96.940002,97.370003,90.230003,90.510002,84.699364,14918000
2022-06-21,93.709999,96.699997,93.550003,95.980003,89.818199,5764900
2022-06-22,92.000000,94.029999,90.480003,90.510002,84.699364,5178900
2022-06-23,91.629997,92.050003,83.160004,84.389999,78.972260,6160600
2022-06-24,86.230003,86.599998,83.910004,84.199997,78.794456,5269800
2022-06-27,85.449997,88.099998,85.070000,87.199997,81.601860,3796200
2022-06-28,89.070000,91.300003,87.419998,88.849998,83.145943,3791400
2022-06-29,90.279999,90.769997,84.220001,84.580002,79.150063,4246300
2022-06-30,82.680000,84.220001,80.889999,81.989998,76.726334,4829100
2022-07-01,82.379997,84.709999,80.650002,84.370003,78.953545,4093300
2022-07-05,83.059998,83.510002,78.129997,80.389999,75.229057,5205700
2022-07-06,79.980003,80.879997,76.669998,79.529999,74.424255,4624400
2022-07-07,81.889999,83.349998,81.220001,82.540001,77.241043,3711300
2022-07-08,83.570000,83.769997,80.839996,82.010002,76.745056,2219400
2022-07-11,80.669998,82.180000,79.739998,81.760002,76.511116,2444000
2022-07-12,79.470001,81.129997,79.029999,80.510002,75.341347,2565200
2022-07-13,79.300003,81.400002,78.449997,79.650002,74.536568,3591300
2022-07-14,77.150002,78.589996,75.750000,78.550003,73.507187,4199000
2022-07-15,80.050003,81.739998,79.199997,81.639999,76.398804,2792200
2022-07-18,83.540001,84.320000,82.330002,82.750000,77.437561,2709600
2022-07-19,82.500000,85.680000,82.500000,85.410004,79.926788,2767400
2022-07-20,85.300003,87.300003,84.620003,86.849998,81.274330,3590900
2022-07-21,84.449997,85.309998,81.529999,85.209999,79.739632,3628000
2022-07-22,85.059998,86.080002,84.059998,84.529999,79.103264,2706700
2022-07-25,85.739998,87.440002,84.709999,87.239998,81.639297,2756600
2022-07-26,88.260002,88.550003,85.349998,85.949997,80.432106,1870000
2022-07-27,86.500000,88.809998,85.540001,88.339996,82.668671,2277100
2022-07-28,89.239998,90.080002,86.699997,88.010002,82.359871,3257100
2022-07-29,88.320000,89.470001,86.760002,89.000000,83.286308,4750400
2022-08-01,87.639999,88.199997,85.650002,87.489998,81.873245,2910900
2022-08-02,87.620003,88.779999,86.180000,87.540001,81.920044,2455900
2022-08-03,88.980003,89.839996,84.849998,85.510002,80.020355,3539700
2022-08-04,84.900002,85.050003,82.440002,82.650002,77.343964,2989700
2022-08-05,81.709999,84.489998,81.510002,83.760002,78.382706,1796200
2022-08-08,84.000000,84.809998,83.269997,83.800003,78.420135,1680200
2022-08-09,84.910004,85.839996,84.440002,85.529999,80.039078,2062300
2022-08-10,86.110001,86.349998,83.660004,85.629997,80.132660,2191600
2022-08-11,87.029999,88.599998,86.220001,88.330002,82.659325,2803200
2022-08-12,87.889999,90.040001,87.650002,90.000000,84.222115,2795200
2022-08-15,87.279999,89.449997,86.199997,89.160004,83.436043,3082700
2022-08-16,89.580002,91.000000,88.309998,89.360001,83.623207,3420100
2022-08-17,87.459999,90.540001,87.080002,89.870003,85.023392,3063900
2022-08-18,90.290001,90.580002,86.660004,88.690002,83.907021,5466000
2022-08-19,88.540001,89.260002,87.860001,88.440002,83.670494,3167500
2022-08-22,87.760002,89.440002,86.279999,88.230003,83.471825,2694600
2022-08-23,89.099998,91.699997,88.910004,91.410004,86.480339,3128000
2022-08-24,91.410004,92.699997,90.889999,92.370003,87.388550,3200700
2022-08-25,92.650002,94.230003,92.419998,93.809998,88.750900,2766000
2022-08-26,94.110001,94.750000,92.139999,92.180000,87.208809,2750000
2022-08-29,92.169998,94.419998,91.809998,93.199997,88.173798,2576400
2022-08-30,91.940002,91.980003,89.339996,90.150002,85.288277,2836400
2022-08-31,87.820000,91.089996,87.559998,89.459999,84.635490,2841700
2022-09-01,87.760002,88.379997,84.400002,86.330002,81.674286,4004200
2022-09-02,88.279999,89.910004,87.699997,88.459999,83.689423,2641600
2022-09-06,89.190002,89.220001,86.400002,86.760002,82.081100,2556200
2022-09-07,85.080002,86.760002,84.029999,86.320000,81.664833,2633200
2022-09-08,86.680000,86.900002,85.000000,85.930000,81.295868,2477400
2022-09-09,87.440002,88.410004,86.949997,88.029999,83.282600,2474400
2022-09-12,89.230003,91.070000,88.839996,89.559998,84.730095,2454500
2022-09-13,87.989998,89.419998,86.010002,86.160004,81.513458,3004000
2022-09-14,86.830002,88.860001,84.910004,86.000000,81.362091,3872100
2022-09-15,84.070000,84.290001,81.160004,81.870003,77.454819,5077600
2022-09-16,81.940002,81.940002,79.010002,80.730003,76.376297,6839900
2022-09-19,78.589996,82.150002,78.550003,81.930000,77.511581,3124400
2022-09-20,81.129997,83.849998,80.849998,83.220001,78.732018,3482700
2022-09-21,84.849998,84.910004,81.199997,81.269997,76.887169,2872300
2022-09-22,82.199997,83.389999,81.139999,82.269997,77.833244,2963900
2022-09-23,79.389999,79.459999,75.540001,75.989998,71.891914,5632400
2022-09-26,75.000000,76.639999,74.019997,74.160004,70.160622,4717500
2022-09-27,75.540001,77.440002,75.389999,76.220001,72.109520,4147800
2022-09-28,76.360001,81.580002,76.220001,81.400002,77.010170,5401100
2022-09-29,80.730003,81.410004,79.339996,80.629997,76.281685,3118000
2022-09-30,79.820000,81.430000,79.370003,80.720001,76.366837,3259300
2022-10-03,83.629997,85.269997,82.320000,84.580002,80.018661,3891800
2022-10-04,86.480003,90.449997,85.489998,90.360001,85.486946,5402400
2022-10-05,89.599998,93.800003,89.449997,92.610001,87.615623,5443400
2022-10-06,91.910004,93.779999,91.550003,93.360001,88.325165,3237500
2022-10-07,93.900002,94.500000,91.860001,92.500000,87.511543,3283500
2022-10-10,93.160004,93.879997,90.800003,91.110001,86.196503,2786000
2022-10-11,90.120003,91.970001,88.639999,90.339996,85.468040,2939500
2022-10-12,89.889999,93.730003,89.029999,92.940002,87.927826,2838800
2022-10-13,91.959999,97.900002,91.809998,96.900002,91.674255,3690000
2022-10-14,96.500000,97.500000,93.919998,94.099998,89.025253,3905200
2022-10-17,95.769997,97.989998,94.540001,95.459999,90.311920,3667600
2022-10-18,95.959999,97.300003,93.970001,96.110001,90.926865,2756500
2022-10-19,96.459999,98.860001,95.599998,97.949997,92.667625,3343500
2022-10-20,98.769997,99.900002,97.470001,97.739998,92.468964,3033400
2022-10-21,98.260002,100.680000,97.760002,100.440002,95.023354,3260100
2022-10-24,100.300003,101.400002,99.919998,100.400002,94.985512,1996100
2022-10-25,99.650002,100.730003,98.599998,100.220001,94.815216,2627300
2022-10-26,100.680000,102.980003,100.389999,102.260002,96.745201,3171700
2022-10-27,104.000000,105.959999,103.449997,103.559998,97.975082,3394200
2022-10-28,104.519997,106.059998,102.699997,104.199997,98.580582,3561000
2022-10-31,102.669998,105.339996,102.669998,104.290001,98.665718,3581600
2022-11-01,107.000000,109.980003,106.330002,107.379997,101.589081,5810800
2022-11-02,106.709999,106.879997,103.010002,103.239998,97.672340,3682200
2022-11-03,102.570000,103.940002,101.559998,103.120003,97.558830,3073700
2022-11-04,105.139999,105.820000,102.389999,103.480003,97.899399,3059200
2022-11-07,103.870003,105.949997,103.870003,105.430000,99.744240,3226700
2022-11-08,105.269997,105.739998,103.620003,105.110001,99.441498,2488600
2022-11-09,106.589996,108.510002,103.230003,104.089996,98.476509,4702300
2022-11-10,106.169998,106.400002,104.309998,106.239998,100.510559,3457300
2022-11-11,107.459999,112.720001,107.459999,111.300003,105.297676,5586800
2022-11-14,111.000000,113.529999,110.230003,110.260002,104.313766,3977400
2022-11-15,110.709999,111.690002,109.309998,111.110001,105.117935,3785700
2022-11-16,108.879997,110.599998,107.389999,107.680000,102.770096,3021700
2022-11-17,106.029999,109.870003,105.800003,109.730003,104.726616,2446000
2022-11-18,107.970001,109.300003,106.889999,108.989998,104.020363,3696400
2022-11-21,107.489998,109.269997,105.900002,109.029999,104.058533,3047200
2022-11-22,110.830002,112.849998,110.550003,112.290001,107.169884,3494100
2022-11-23,110.480003,111.839996,109.449997,110.709999,105.661942,2662300
2022-11-25,111.040001,111.809998,110.349998,110.779999,105.728745,1409400
2022-11-28,108.250000,110.089996,107.599998,107.820000,102.903709,3598700
2022-11-29,109.120003,110.320000,108.410004,108.970001,104.001282,3854100
2022-11-30,110.160004,110.370003,107.000000,108.440002,103.495445,3987300
2022-12-01,109.080002,109.669998,106.860001,108.040001,103.113686,3214200
2022-12-02,107.199997,108.699997,106.050003,106.660004,101.796608,2676000
2022-12-05,107.800003,108.169998,103.199997,104.150002,99.401054,3015200
2022-12-06,103.349998,105.360001,101.959999,103.080002,98.379845,3627000
2022-12-07,102.750000,104.959999,101.919998,103.010002,98.313034,2817100
2022-12-08,104.629997,104.750000,100.470001,100.900002,96.299248,2899700
2022-12-09,100.459999,101.250000,97.940002,98.000000,93.531479,3212200
2022-12-12,98.669998,102.150002,98.019997,102.070000,97.415894,3692400
2022-12-13,103.970001,104.330002,101.739998,102.129997,97.473167,2984000
2022-12-14,102.199997,103.169998,101.050003,101.279999,96.661911,2646800
2022-12-15,100.750000,101.529999,99.680000,101.470001,96.843262,2445400
2022-12-16,99.750000,100.949997,99.059998,100.639999,96.051102,7235200
2022-12-19,101.309998,102.389999,99.570000,100.610001,96.022461,2451200
2022-12-20,101.000000,103.449997,100.599998,102.639999,97.959900,2442300
2022-12-21,104.239998,104.660004,102.269997,103.349998,98.637520,2471800
2022-12-22,103.400002,103.489998,98.970001,100.529999,95.946121,2287700
2022-12-23,101.050003,104.019997,101.050003,103.940002,99.200630,2216300
2022-12-27,104.570000,104.790001,103.690002,104.580002,99.811447,2474900
2022-12-28,104.400002,104.720001,101.989998,102.150002,97.492249,1910700
2022-12-29,102.000000,104.300003,101.669998,104.110001,99.362877,1827300
2022-12-30,103.839996,104.879997,103.510002,104.080002,99.334244,2088900
2023-01-03,103.400002,104.470001,100.540001,101.029999,96.423309,2877200
2023-01-04,99.550003,102.000000,99.379997,100.680000,96.089272,2959100
2023-01-05,100.199997,103.070000,100.199997,103.019997,98.322578,3348400
2023-01-06,104.220001,106.330002,103.820000,105.699997,100.880379,3101300
2023-01-09,106.699997,106.970001,101.559998,102.010002,97.358627,4707400
2023-01-10,102.440002,103.449997,100.570000,101.570000,96.938698,3259200
2023-01-11,102.470001,102.730003,100.529999,101.419998,96.795532,3551100
2023-01-12,101.940002,103.769997,101.720001,102.860001,98.169884,2231600
2023-01-13,102.860001,103.379997,101.519997,103.029999,98.332123,2133200
2023-01-17,103.550003,105.010002,102.360001,102.510002,97.835838,2600800
2023-01-18,103.220001,105.510002,102.300003,102.709999,98.026718,2908000
2023-01-19,102.680000,104.820000,101.830002,104.379997,99.620567,2696800
2023-01-20,104.800003,107.239998,103.830002,106.959999,102.082916,2986400
2023-01-23,107.500000,108.680000,106.599998,106.940002,102.063843,3070100
2023-01-24,106.940002,107.260002,104.360001,107.010002,102.130646,2360500
2023-01-25,106.360001,108.860001,105.540001,108.849998,103.886749,2889100
2023-01-26,109.550003,111.669998,108.279999,111.489998,106.406372,2723600
2023-01-27,111.440002,111.839996,108.699997,108.730003,103.772209,2506700
2023-01-30,108.370003,108.930000,105.889999,106.419998,101.567551,3110000
2023-01-31,104.699997,104.699997,99.129997,100.269997,95.697968,7890100
2023-02-01,99.800003,101.589996,97.029999,97.989998,93.521927,4467800
2023-02-02,98.000000,99.000000,96.339996,98.980003,94.466789,4668700
2023-02-03,99.279999,100.610001,98.510002,98.809998,94.304543,3525100
2023-02-06,98.580002,99.500000,96.150002,98.080002,93.607826,2666300
2023-02-07,98.860001,102.379997,98.489998,102.279999,97.616310,3628400
2023-02-08,101.760002,103.650002,101.239998,102.739998,98.055344,3683600
2023-02-09,103.160004,104.279999,101.919998,102.110001,97.454071,2897400
2023-02-10,103.730003,107.529999,103.480003,107.379997,102.483765,3003300
2023-02-13,107.000000,108.309998,105.750000,108.260002,103.323647,2608800
2023-02-14,107.500000,108.839996,107.099998,107.949997,103.027771,2267500
2023-02-15,107.000000,107.660004,105.250000,106.650002,101.787056,2626400
2023-02-16,106.470001,107.300003,104.820000,104.919998,100.135948,2876500
2023-02-17,102.019997,102.570000,99.180000,99.540001,95.961601,3537600
2023-02-21,98.930000,100.690002,98.489998,99.650002,96.067650,2569200
2023-02-22,99.320000,100.809998,98.529999,99.470001,95.894127,2087700
2023-02-23,101.050003,101.500000,99.120003,100.349998,96.742485,2738000
2023-02-24,99.099998,102.010002,98.099998,102.000000,98.333176,3005800
2023-02-27,102.430000,104.330002,102.010002,103.650002,99.923859,2699500
2023-02-28,104.629997,104.879997,101.870003,102.559998,98.873039,4104500
2023-03-01,103.000000,107.449997,102.620003,107.239998,103.384796,4581100
2023-03-02,106.500000,107.349998,104.349998,105.809998,102.006203,4644000
2023-03-03,104.959999,106.639999,104.150002,106.019997,102.208649,3755700
2023-03-06,105.080002,105.080002,102.809998,103.980003,100.241989,4000200
2023-03-07,103.739998,103.970001,101.239998,101.790001,98.130714,3119900
2023-03-08,101.830002,102.660004,98.360001,99.309998,95.739876,3876200
2023-03-09,100.320000,104.070000,100.050003,101.139999,97.504082,5194700
2023-03-10,101.410004,103.919998,100.589996,101.220001,97.581215,4367100
2023-03-13,98.160004,98.320000,95.080002,95.519997,92.086113,6037700
2023-03-14,96.379997,100.400002,95.750000,97.949997,94.428757,3521200
2023-03-15,94.580002,95.000000,92.599998,93.650002,90.283340,6810300
2023-03-16,91.480003,95.309998,91.360001,95.050003,91.633018,5801500
2023-03-17,95.269997,96.449997,93.480003,94.720001,91.314888,10256800
2023-03-20,95.209999,96.870003,94.790001,95.550003,92.115044,4692800
2023-03-21,97.480003,98.309998,95.129997,95.550003,92.115044,7228900
2023-03-22,95.750000,97.339996,94.669998,94.690002,91.285950,3012600
2023-03-23,95.239998,96.570000,92.699997,93.540001,90.177307,2856300
2023-03-24,91.639999,93.940002,90.660004,93.730003,90.360474,3718400
2023-03-27,95.209999,96.870003,93.739998,96.230003,92.770599,3475300
2023-03-28,96.150002,99.870003,96.010002,98.779999,95.228928,3350700
2023-03-29,99.750000,101.089996,99.250000,100.279999,96.674995,3053600
2023-03-30,101.279999,101.430000,99.680000,99.989998,96.395424,2336700
2023-03-31,99.870003,101.449997,99.160004,101.379997,97.735458,3920500
2023-04-03,104.989998,104.989998,102.169998,102.910004,99.210464,4212300
2023-04-04,102.360001,102.919998,97.510002,98.279999,94.746895,4202300
2023-04-05,98.400002,104.639999,98.160004,104.430000,100.675812,6353400
2023-04-06,104.809998,105.339996,102.459999,102.839996,99.142967,3808300
2023-04-10,103.010002,105.459999,103.000000,104.959999,101.186752,2887700
2023-04-11,105.800003,107.330002,105.169998,106.459999,102.632835,2484100
2023-04-12,106.669998,107.470001,105.860001,106.029999,102.218292,3192500
2023-04-13,105.589996,106.349998,104.739998,106.269997,102.449661,2765300
2023-04-14,106.190002,106.900002,105.260002,106.260002,102.440033,2111500
2023-04-17,105.879997,106.199997,103.459999,103.919998,100.184143,3326700
2023-04-18,103.629997,104.839996,103.150002,104.309998,100.560120,2932200
2023-04-19,104.309998,104.400002,100.790001,103.059998,99.355064,3676700
2023-04-20,101.709999,102.760002,100.599998,101.250000,97.610130,3784400
2023-04-21,101.169998,101.949997,99.480003,100.150002,96.549667,3111000
2023-04-24,99.570000,101.349998,99.459999,100.690002,97.070267,2897800
2023-04-25,99.570000,100.279999,99.050003,99.320000,95.749512,2738500
2023-04-26,99.529999,100.410004,98.320000,99.269997,95.701309,2716000
2023-04-27,99.110001,99.470001,96.330002,97.739998,94.226311,3132800
2023-04-28,97.019997,99.599998,96.809998,99.000000,95.441025,2710500
2023-05-01,98.199997,99.589996,97.580002,98.400002,94.862587,2546600
2023-05-02,97.900002,98.190002,93.110001,94.730003,91.324524,4207200
2023-05-03,93.949997,98.099998,93.040001,95.949997,92.500664,6286000
2023-05-04,95.760002,95.940002,91.860001,92.309998,88.991508,4619500
2023-05-05,94.209999,94.860001,93.239998,93.440002,90.080894,2720800
2023-05-08,94.820000,95.300003,93.790001,93.959999,90.582191,3352800
2023-05-09,93.300003,95.120003,93.089996,93.980003,90.601494,3274100
2023-05-10,94.339996,94.919998,93.050003,94.230003,90.842491,3323800
2023-05-11,92.779999,93.889999,92.349998,93.400002,90.042336,3428400
2023-05-12,94.290001,94.750000,92.709999,93.220001,89.868805,2776300
2023-05-15,93.250000,94.790001,92.540001,94.220001,90.832848,3344000
2023-05-16,94.150002,94.580002,91.419998,91.889999,88.586609,4389600
2023-05-17,93.220001,94.980003,92.309998,94.790001,91.382362,3408600
2023-05-18,94.389999,96.529999,93.739998,96.279999,92.818802,4405000
2023-05-19,95.510002,95.919998,94.449997,94.940002,92.536140,3203600
2023-05-22,95.059998,96.449997,94.949997,95.559998,93.140434,2398100
2023-05-23,96.430000,97.760002,95.410004,95.639999,93.218414,3113600
2023-05-24,96.129997,96.889999,95.449997,96.559998,94.115120,2780400
2023-05-25,95.400002,95.489998,93.349998,95.139999,92.731079,3091700
2023-05-26,95.870003,96.010002,94.349998,94.910004,92.506905,2440600
2023-05-30,93.519997,93.800003,92.180000,93.589996,91.220322,2943500
2023-05-31,91.989998,92.730003,91.300003,91.610001,89.290459,4851700
2023-06-01,92.879997,94.419998,92.570000,93.050003,90.694000,3100900
2023-06-02,94.750000,97.169998,94.239998,97.029999,94.573219,4658500
2023-06-05,98.059998,98.059998,95.099998,96.019997,93.588791,2996100
2023-06-06,94.660004,97.169998,94.519997,96.820000,94.368538,2888000
2023-06-07,97.300003,101.199997,97.129997,101.050003,98.491447,3871100
2023-06-08,101.000000,101.500000,98.750000,99.139999,96.629807,3653600
2023-06-09,99.419998,99.599998,97.430000,98.760002,96.259415,3247700
2023-06-12,97.120003,98.820000,96.639999,96.779999,94.329552,2883900
2023-06-13,98.089996,99.250000,96.790001,96.879997,94.427025,2733400
2023-06-14,97.839996,98.279999,94.849998,95.699997,93.276894,2297500
2023-06-15,95.680000,97.250000,95.360001,97.019997,94.563477,2123000
2023-06-16,97.529999,97.839996,96.669998,97.129997,94.670692,4964900
2023-06-20,96.680000,96.779999,93.470001,93.480003,91.113113,3273300
2023-06-21,93.000000,94.959999,92.650002,93.279999,90.918175,2902800
2023-06-22,92.459999,93.169998,90.690002,90.809998,88.510712,3515500
2023-06-23,90.000000,91.389999,89.739998,90.860001,88.559448,4192000
2023-06-26,91.070000,92.339996,90.870003,91.519997,89.202728,2846000
2023-06-27,91.589996,93.029999,91.180000,92.570000,90.226143,3763800
2023-06-28,92.669998,94.010002,91.779999,93.400002,91.035133,2574100
2023-06-29,93.690002,94.669998,93.400002,94.529999,92.136520,2254400
2023-06-30,95.070000,95.879997,94.269997,95.379997,92.964996,2573100
2023-07-03,95.650002,96.639999,95.400002,95.660004,93.237915,1348800
2023-07-05,95.650002,96.309998,94.540001,96.129997,93.696007,3854700
2023-07-06,95.400002,96.199997,94.519997,95.400002,92.984497,4692900
2023-07-07,95.760002,100.300003,95.519997,99.440002,96.922203,5338700
2023-07-10,99.519997,101.269997,99.459999,100.330002,97.789673,3785200
2023-07-11,99.860001,101.690002,99.800003,101.519997,98.949539,3060700
2023-07-12,102.309998,103.160004,101.529999,101.959999,99.378395,2374100
2023-07-13,102.290001,103.930000,101.610001,102.580002,99.982697,2886300
2023-07-14,102.059998,102.220001,98.650002,100.459999,97.916374,2865000
2023-07-17,100.000000,100.849998,99.010002,99.040001,96.532333,3078300
2023-07-18,99.029999,102.040001,98.889999,101.160004,98.598656,2367500
2023-07-19,101.160004,103.510002,101.129997,102.459999,99.865738,3052100
2023-07-20,103.180000,104.550003,103.120003,104.050003,101.415482,2520300
2023-07-21,104.419998,105.959999,104.070000,105.730003,103.052948,2711700
2023-07-24,106.000000,108.160004,105.800003,106.849998,104.144585,3691800
2023-07-25,106.510002,108.459999,105.559998,107.709999,104.982811,2744600
2023-07-26,106.949997,109.940002,106.830002,109.589996,106.815201,2687600
2023-07-27,109.980003,110.849998,108.800003,108.889999,106.132935,2925800
2023-07-28,109.480003,110.680000,109.080002,110.349998,107.555962,2141100
2023-07-31,110.720001,111.570000,110.599998,111.550003,108.725578,3800800
2023-08-01,111.190002,112.449997,110.650002,112.110001,109.271400,2694200
2023-08-02,111.160004,113.239998,108.099998,108.989998,106.230400,4886000
2023-08-03,109.540001,110.760002,107.410004,110.410004,107.614449,3510700
2023-08-04,111.580002,113.180000,110.449997,110.480003,107.682671,2650300
2023-08-07,111.080002,112.820000,111.040001,111.440002,108.618370,2982000
2023-08-08,109.919998,113.440002,108.970001,112.680000,109.826965,2865000
2023-08-09,113.300003,115.790001,113.010002,114.419998,111.522911,3864800
2023-08-10,114.970001,116.190002,114.260002,114.669998,111.766579,2587700
2023-08-11,115.040001,117.290001,115.040001,116.639999,113.686707,2557800
2023-08-14,116.470001,116.959999,114.300003,114.669998,111.766579,3043900
2023-08-15,112.739998,114.540001,112.480003,113.430000,110.557983,5087600
2023-08-16,114.000000,115.290001,113.220001,113.269997,110.402023,3904400
2023-08-17,113.730003,115.779999,113.480003,113.589996,111.749832,4704400
2023-08-18,112.610001,114.779999,112.610001,114.239998,112.389305,4895500
2023-08-21,114.900002,115.389999,112.220001,113.330002,111.494049,2662600
2023-08-22,113.699997,114.220001,112.620003,112.940002,111.110367,2220800
2023-08-23,111.930000,112.440002,110.160004,112.260002,110.441383,2027400
2023-08-24,111.620003,113.220001,111.550003,112.389999,110.569275,1713600
2023-08-25,112.790001,114.459999,111.750000,113.889999,112.044975,2262100
2023-08-28,113.260002,114.779999,112.620003,113.129997,111.297287,1702200
2023-08-29,113.180000,113.519997,112.029999,112.690002,110.864418,1933200
2023-08-30,112.849998,114.000000,112.750000,113.650002,111.808861,2113400
2023-08-31,113.699997,114.610001,112.070000,114.160004,112.310608,3086400
2023-09-01,116.129997,117.309998,115.099998,117.169998,115.271843,2785800
2023-09-05,117.699997,118.769997,116.709999,116.739998,114.848801,2327000
2023-09-06,116.870003,117.989998,115.610001,116.639999,114.750420,1764200
2023-09-07,117.250000,118.989998,116.769997,118.750000,116.826248,3348800
2023-09-08,119.870003,123.559998,119.430000,122.230003,120.249870,4711200
2023-09-11,122.900002,124.059998,121.279999,122.339996,120.358086,3105400
2023-09-12,122.879997,124.830002,122.599998,124.279999,122.266655,4229600
2023-09-13,124.750000,125.190002,122.389999,123.169998,121.174637,2779400
2023-09-14,123.910004,124.000000,122.699997,122.970001,120.977882,2526300
2023-09-15,121.970001,122.470001,120.339996,121.029999,119.069305,9304500
2023-09-18,122.529999,123.910004,121.000000,122.449997,120.466301,2237500
2023-09-19,123.400002,123.480003,119.070000,120.220001,118.272430,2970100
2023-09-20,119.720001,121.800003,119.550003,120.070000,118.124863,2491400
2023-09-21,122.419998,123.839996,119.690002,119.940002,117.996971,2730800
2023-09-22,120.500000,121.699997,118.519997,118.580002,116.658997,2426300
2023-09-25,118.500000,120.639999,118.459999,120.260002,118.311783,2499100
2023-09-26,119.199997,120.279999,118.599998,119.419998,117.485382,2350800
2023-09-27,120.459999,121.540001,119.730003,120.800003,118.843040,2793800
2023-09-28,120.489998,123.470001,120.389999,123.379997,121.381233,3294300
2023-09-29,123.440002,123.440002,119.480003,120.150002,118.203568,2841900
2023-10-02,120.089996,120.300003,118.190002,119.019997,117.091866,2445800
2023-10-03,118.000000,118.540001,114.129997,115.629997,113.756783,2988400
2023-10-04,113.160004,113.300003,108.660004,110.489998,108.700050,4464100
2023-10-05,108.779999,111.169998,108.589996,109.480003,107.706421,3206000
2023-10-06,110.510002,110.820000,108.199997,109.190002,107.421120,2625100
2023-10-09,111.059998,111.660004,109.339996,111.209999,109.408394,2769800
2023-10-10,110.860001,112.989998,110.339996,112.389999,110.569275,2662300
2023-10-11,111.419998,112.489998,110.160004,112.129997,110.313484,2035900
2023-10-12,112.919998,113.000000,109.889999,110.750000,108.955841,1976800
2023-10-13,112.459999,112.739998,110.480003,110.599998,108.808273,3393200
2023-10-16,111.500000,112.660004,111.070000,111.779999,109.969162,2750200
2023-10-17,111.680000,113.980003,111.680000,113.910004,112.064659,2471900
2023-10-18,114.190002,116.769997,113.980003,116.250000,114.366745,3249700
2023-10-19,116.150002,116.360001,114.629997,115.190002,113.323914,2091400
2023-10-20,115.349998,116.029999,113.150002,113.540001,111.700645,2667200
2023-10-23,113.309998,113.589996,112.019997,113.050003,111.218582,2463500
2023-10-24,113.529999,113.699997,111.889999,111.930000,110.116730,2331600
2023-10-25,112.129997,112.889999,110.470001,110.739998,108.946007,2581100
2023-10-26,109.860001,110.540001,108.089996,110.099998,108.316376,3517900
2023-10-27,111.139999,112.059998,107.849998,110.930000,109.132927,5214900
2023-10-30,112.220001,113.510002,109.860001,112.440002,110.618469,3194600
2023-10-31,114.430000,115.230003,112.419998,114.070000,112.222061,3618600
2023-11-01,114.849998,117.089996,113.739998,116.089996,114.209335,3343100
2023-11-02,116.160004,118.519997,116.000000,118.120003,116.206451,2566900
2023-11-03,117.760002,118.339996,115.269997,116.790001,114.898003,2525000
2023-11-06,117.239998,118.110001,116.339996,116.849998,114.957024,2484500
2023-11-07,115.330002,115.470001,113.209999,113.860001,112.015465,2180700
2023-11-08,113.050003,113.889999,111.620003,111.809998,109.998672,2898600
2023-11-09,111.809998,112.930000,110.540001,110.629997,108.837784,1802200
2023-11-10,112.000000,113.589996,111.739998,113.440002,111.602272,2429400
2023-11-13,113.500000,114.639999,113.250000,114.150002,112.300766,1487900
2023-11-14,114.309998,115.540001,114.160004,115.019997,113.156670,2407900
2023-11-15,114.559998,116.919998,114.250000,115.489998,113.619057,3203500
2023-11-16,113.440002,114.739998,111.900002,113.529999,112.715584,4559600
2023-11-17,114.169998,117.379997,114.169998,116.370003,115.535210,3354300
2023-11-20,116.580002,119.019997,116.580002,118.110001,117.262726,2876700
2023-11-21,117.500000,118.139999,116.430000,117.410004,116.567749,2039400
2023-11-22,115.889999,118.209999,114.940002,118.010002,117.163445,2212000
2023-11-24,118.300003,120.040001,118.000000,118.629997,117.778992,1173600
2023-11-27,118.230003,118.870003,117.320000,118.330002,117.481148,2447200
2023-11-28,118.550003,119.230003,117.739998,118.000000,117.153519,1926400
2023-11-29,123.000000,123.870003,121.300003,122.220001,121.343246,6873900
2023-11-30,122.720001,129.750000,122.410004,128.889999,127.965393,9147400
2023-12-01,128.500000,131.259995,127.750000,129.699997,128.769577,4756200
2023-12-04,128.910004,131.369995,127.900002,128.440002,127.518623,4842900
2023-12-05,128.600006,130.580002,127.510002,127.699997,126.783928,3484500
2023-12-06,126.839996,127.860001,124.629997,125.000000,124.103302,2952000
2023-12-07,125.940002,126.739998,124.070000,124.620003,123.726028,3702200
2023-12-08,125.419998,126.400002,123.290001,125.320000,124.421005,4102700
2023-12-11,125.040001,127.360001,124.760002,126.410004,125.503189,2976800
2023-12-12,125.080002,125.500000,123.870003,125.220001,124.321724,3484900
2023-12-13,125.010002,127.419998,123.379997,127.160004,126.247810,3054600
2023-12-14,128.000000,130.369995,126.260002,130.110001,129.176651,4260100
2023-12-15,127.940002,130.179993,127.720001,129.869995,128.938354,9648400
2023-12-18,131.309998,133.020004,130.729996,131.300003,130.358109,2987700
2023-12-19,131.520004,133.830002,131.419998,133.800003,132.840179,2873100
2023-12-20,134.289993,136.690002,133.830002,134.070007,133.108246,3365700
2023-12-21,134.339996,135.339996,133.279999,134.289993,133.326645,3235100
2023-12-22,135.630005,135.820007,133.919998,134.059998,133.098312,1401900
2023-12-26,135.100006,136.089996,134.520004,135.720001,134.746399,1542400
2023-12-27,135.210007,135.990005,134.210007,134.699997,133.733719,1799000
2023-12-28,134.100006,134.690002,132.789993,132.839996,131.887054,1827500
2023-12-29,133.339996,133.899994,132.690002,133.139999,132.184906,2023900
2024-01-02,133.500000,135.250000,133.250000,134.289993,133.326645,2500300
2024-01-03,134.009995,136.449997,134.009995,135.750000,134.776184,3094700
2024-01-04,136.389999,138.059998,134.889999,135.279999,134.309555,3125200
2024-01-05,136.350006,137.419998,134.660004,135.240005,134.269852,3126500
2024-01-08,133.490005,134.190002,131.750000,133.850006,132.889816,3636500
2024-01-09,133.789993,133.789993,131.830002,133.210007,132.254410,2172600
2024-01-10,133.550003,133.550003,128.929993,129.410004,128.481674,3619900
2024-01-11,129.940002,130.919998,129.210007,130.279999,129.345428,3540000
2024-01-12,132.509995,132.949997,131.589996,132.869995,131.916840,2908800
2024-01-16,133.000000,133.529999,129.089996,129.470001,128.541229,3169400
2024-01-17,128.139999,130.220001,127.470001,128.270004,127.349846,2437000
2024-01-18,128.470001,128.470001,126.629997,127.669998,126.754143,2337300
2024-01-19,127.980003,129.119995,127.059998,129.089996,128.163956,2880300
2024-01-22,128.899994,129.949997,128.000000,129.660004,128.729874,2307900
2024-01-23,129.479996,131.419998,129.119995,131.110001,130.169464,2309600
2024-01-24,131.970001,133.699997,131.619995,133.669998,132.711105,2649200
2024-01-25,135.389999,137.679993,134.759995,137.649994,136.662552,3167700
2024-01-26,137.649994,140.279999,137.169998,140.220001,139.214127,3389100
2024-01-29,139.660004,139.779999,137.699997,139.089996,138.092224,3099600
2024-01-30,137.800003,142.580002,137.100006,142.410004,141.388412,3664500
2024-01-31,144.490005,147.679993,142.850006,144.309998,143.274780,8307900
2024-02-01,145.330002,148.720001,142.380005,145.550003,144.505890,5090500
2024-02-02,145.910004,147.710007,143.970001,145.470001,144.426453,3702200
2024-02-05,144.360001,148.270004,143.699997,147.240005,146.183762,2899800
2024-02-06,148.000000,149.520004,145.850006,145.910004,144.863297,3323300
2024-02-07,146.289993,147.509995,145.770004,146.529999,145.478851,2607800
2024-02-08,146.679993,147.929993,145.679993,146.820007,145.766785,4018700
2024-02-09,146.830002,147.779999,145.350006,145.660004,144.615097,2889100
2024-02-12,146.270004,146.289993,144.240005,144.449997,143.413773,3753800
2024-02-13,144.610001,146.429993,143.509995,145.160004,144.118683,3226300
2024-02-14,146.210007,146.529999,143.059998,145.210007,144.168335,3086700
2024-02-15,144.500000,147.380005,144.279999,146.369995,145.319992,2810900
2024-02-16,145.330002,145.429993,143.210007,143.809998,143.809998,2689700
2024-02-20,143.649994,143.649994,140.490005,141.139999,141.139999,3483200
2024-02-21,141.460007,143.960007,141.460007,143.550003,143.550003,2403100
2024-02-22,143.479996,146.669998,142.690002,146.619995,146.619995,2633700
2024-02-23,145.960007,147.660004,145.279999,147.110001,147.110001,2189700
2024-02-26,147.009995,150.080002,146.800003,148.309998,148.309998,2584700
2024-02-27,148.639999,149.169998,144.960007,145.339996,145.339996,2106200
2024-02-28,144.750000,145.089996,140.869995,141.240005,141.240005,2594700
2024-02-29,141.240005,143.440002,140.949997,142.509995,142.509995,3370200
2024-03-01,143.229996,144.809998,143.220001,144.199997,144.199997,2063300
2024-03-04,143.309998,145.990005,143.050003,144.259995,144.259995,3479200
2024-03-05,144.259995,147.130005,143.820007,146.100006,146.100006,2886800
2024-03-06,147.119995,148.139999,145.130005,146.770004,146.770004,3210200
2024-03-07,147.669998,150.410004,147.320007,149.210007,149.210007,2947200
2024-03-08,148.880005,150.770004,148.330002,149.339996,149.339996,2398500
2024-03-11,147.860001,149.500000,146.210007,149.490005,149.490005,3230900
2024-03-12,149.500000,151.419998,148.429993,150.369995,150.369995,2367700
2024-03-13,152.070007,155.429993,152.000000,154.470001,154.470001,4028600
2024-03-14,155.839996,156.850006,153.449997,154.380005,154.380005,3637300
2024-03-15,154.220001,159.740005,154.220001,159.029999,159.029999,11725700
2024-03-18,159.410004,159.600006,156.309998,156.759995,156.759995,3470600
2024-03-19,156.850006,158.220001,156.279999,156.990005,156.990005,2877200
2024-03-20,156.179993,159.119995,155.520004,158.759995,158.759995,2388900
2024-03-21,159.000000,159.440002,157.000000,159.080002,159.080002,2488000
2024-03-22,159.429993,159.800003,158.100006,159.449997,159.449997,2078500
2024-03-25,160.000000,161.419998,156.429993,156.460007,156.460007,2306200
2024-03-26,156.619995,157.699997,155.889999,156.600006,156.600006,2351200
2024-03-27,155.899994,159.000000,155.899994,158.960007,158.960007,2211300
2024-03-28,159.339996,163.789993,158.839996,163.339996,163.339996,3177300
2024-04-01,163.179993,163.850006,160.970001,163.339996,163.339996,2214100
2024-04-02,164.330002,169.699997,164.070007,169.490005,169.490005,2999400
2024-04-03,170.199997,173.550003,169.100006,172.710007,172.710007,3210500
2024-04-04,173.179993,173.750000,170.000000,170.679993,170.679993,2781100
2024-04-05,172.880005,174.080002,170.639999,170.750000,170.750000,2182200
2024-04-08,170.029999,171.410004,168.479996,168.550003,168.550003,2624200
2024-04-09,168.850006,169.410004,163.729996,165.410004,165.410004,2358100
2024-04-10,165.460007,166.740005,163.570007,165.160004,165.160004,1802400
2024-04-11,165.539993,165.949997,163.160004,165.410004,165.410004,1997100
2024-04-12,166.350006,166.470001,161.880005,162.490005,162.490005,2001800
2024-04-15,163.800003,165.000000,159.910004,160.820007,160.820007,1589900
2024-04-16,160.809998,161.130005,157.600006,157.880005,157.880005,1864200
2024-04-17,158.639999,159.860001,156.279999,157.250000,157.250000,1946700
2024-04-18,157.380005,157.910004,152.720001,153.309998,153.309998,2347100
2024-04-19,153.660004,157.210007,153.479996,154.710007,154.710007,2760800
2024-04-22,154.429993,158.330002,153.089996,157.050003,157.050003,1625500
2024-04-23,156.210007,159.250000,154.880005,158.839996,158.839996,1756400
2024-04-24,157.960007,158.380005,156.289993,157.789993,157.789993,1945000
2024-04-25,157.559998,158.110001,155.619995,157.240005,157.240005,2617500
2024-04-26,152.500000,155.839996,149.550003,151.410004,151.410004,4206700
2024-04-29,150.699997,152.190002,150.059998,151.539993,151.539993,2822000
